<?xml version="1.0" encoding="utf-8" ?>
<dwsync>
<file name="page_background.gif" server="C:/AppServ/www/metEBinternet2/" local="128835749040000000" remote="128835749040000000" />
<file name="headerLogo.jpg" server="C:/AppServ/www/metEBinternet2/" local="129508036975781250" remote="129508036970000000" />
<file name="page_footer_m.gif" server="C:/AppServ/www/metEBinternet2/" local="128835726800000000" remote="128835726800000000" />
<file name="headerLogo.jpg" server="C:/AppServ/www/eb2/" local="129508036975781250" remote="129508036970000000" />
<file name="page_background.gif" server="C:/AppServ/www/eb2/" local="128835749040000000" remote="128835749040000000" />
<file name="page_footer_m.gif" server="C:/AppServ/www/eb2/" local="128835726800000000" remote="128835726800000000" />
<file name="page_logo.gif" server="C:/AppServ/www/eb2/" local="128835726000000000" remote="128835726000000000" />
<file name="page_background.gif" server="196.37.147.76//eb/" local="128835749040000000" remote="129539225400000000" />
<file name="page_footer_m.gif" server="196.37.147.76//eb/" local="128835726800000000" remote="129539225400000000" />
<file name="page_logo.gif" server="196.37.147.76//eb/" local="128835726000000000" remote="129539225400000000" />
<file name="headerLogo.jpg" server="196.37.147.76//eb/" local="129508036975781250" remote="129539225400000000" />
</dwsync>