# ************************************************************
# Sequel Pro SQL dump
# Version 3348
#
# http://www.sequelpro.com/
# http://code.google.com/p/sequel-pro/
#
# Host: 127.0.0.1 (MySQL 5.5.14)
# Database: meteb
# Generation Time: 2011-08-16 22:37:25 +0200
# ************************************************************


/*!40101 SET @OLD_CHARACTER_SET_CLIENT=@@CHARACTER_SET_CLIENT */;
/*!40101 SET @OLD_CHARACTER_SET_RESULTS=@@CHARACTER_SET_RESULTS */;
/*!40101 SET @OLD_COLLATION_CONNECTION=@@COLLATION_CONNECTION */;
/*!40101 SET NAMES utf8 */;
/*!40014 SET @OLD_FOREIGN_KEY_CHECKS=@@FOREIGN_KEY_CHECKS, FOREIGN_KEY_CHECKS=0 */;
/*!40101 SET @OLD_SQL_MODE=@@SQL_MODE, SQL_MODE='NO_AUTO_VALUE_ON_ZERO' */;
/*!40111 SET @OLD_SQL_NOTES=@@SQL_NOTES, SQL_NOTES=0 */;


# Dump of table activity
# ------------------------------------------------------------

DROP TABLE IF EXISTS `activity`;

CREATE TABLE `activity` (
  `id` bigint(20) NOT NULL AUTO_INCREMENT,
  `sfuser_id` bigint(20) DEFAULT NULL,
  `title` varchar(255) DEFAULT NULL,
  `activitytype_id` bigint(20) DEFAULT NULL,
  `created_at` datetime NOT NULL,
  `updated_at` datetime NOT NULL,
  PRIMARY KEY (`id`),
  KEY `activitytype_id_idx` (`activitytype_id`),
  KEY `sfuser_id_idx` (`sfuser_id`),
  CONSTRAINT `activity_activitytype_id_activity_type_id` FOREIGN KEY (`activitytype_id`) REFERENCES `activity_type` (`id`),
  CONSTRAINT `activity_sfuser_id_sf_guard_user_id` FOREIGN KEY (`sfuser_id`) REFERENCES `sf_guard_user` (`id`) ON DELETE CASCADE
) ENGINE=InnoDB AUTO_INCREMENT=3 DEFAULT CHARSET=utf8;

LOCK TABLES `activity` WRITE;
/*!40000 ALTER TABLE `activity` DISABLE KEYS */;

INSERT INTO `activity` (`id`, `sfuser_id`, `title`, `activitytype_id`, `created_at`, `updated_at`)
VALUES
	(1,1,'',2,'2011-08-15 22:22:22','2011-08-15 22:22:22'),
	(2,1,'',4,'2011-08-15 22:23:10','2011-08-15 22:23:10');

/*!40000 ALTER TABLE `activity` ENABLE KEYS */;
UNLOCK TABLES;


# Dump of table activity_type
# ------------------------------------------------------------

DROP TABLE IF EXISTS `activity_type`;

CREATE TABLE `activity_type` (
  `id` bigint(20) NOT NULL AUTO_INCREMENT,
  `title` varchar(255) DEFAULT NULL,
  PRIMARY KEY (`id`)
) ENGINE=InnoDB AUTO_INCREMENT=5 DEFAULT CHARSET=utf8;

LOCK TABLES `activity_type` WRITE;
/*!40000 ALTER TABLE `activity_type` DISABLE KEYS */;

INSERT INTO `activity_type` (`id`, `title`)
VALUES
	(1,'Add Client'),
	(2,'Add Quote'),
	(3,'Edit Client'),
	(4,'Edit Quote');

/*!40000 ALTER TABLE `activity_type` ENABLE KEYS */;
UNLOCK TABLES;


# Dump of table client_status
# ------------------------------------------------------------

DROP TABLE IF EXISTS `client_status`;

CREATE TABLE `client_status` (
  `id` bigint(20) NOT NULL AUTO_INCREMENT,
  `title` varchar(255) NOT NULL,
  PRIMARY KEY (`id`)
) ENGINE=InnoDB AUTO_INCREMENT=3 DEFAULT CHARSET=utf8;

LOCK TABLES `client_status` WRITE;
/*!40000 ALTER TABLE `client_status` DISABLE KEYS */;

INSERT INTO `client_status` (`id`, `title`)
VALUES
	(1,'active'),
	(2,'inactive');

/*!40000 ALTER TABLE `client_status` ENABLE KEYS */;
UNLOCK TABLES;


# Dump of table commission
# ------------------------------------------------------------

DROP TABLE IF EXISTS `commission`;

CREATE TABLE `commission` (
  `id` bigint(20) NOT NULL AUTO_INCREMENT,
  `title` decimal(15,2) DEFAULT NULL,
  PRIMARY KEY (`id`)
) ENGINE=InnoDB AUTO_INCREMENT=5 DEFAULT CHARSET=utf8;

LOCK TABLES `commission` WRITE;
/*!40000 ALTER TABLE `commission` DISABLE KEYS */;

INSERT INTO `commission` (`id`, `title`)
VALUES
	(1,0.00),
	(2,0.50),
	(3,1.00),
	(4,1.50);

/*!40000 ALTER TABLE `commission` ENABLE KEYS */;
UNLOCK TABLES;


# Dump of table expensedata
# ------------------------------------------------------------

DROP TABLE IF EXISTS `expensedata`;

CREATE TABLE `expensedata` (
  `id` bigint(20) NOT NULL AUTO_INCREMENT,
  `renewal_expenses` varchar(20) NOT NULL,
  `expense_inflation` varchar(20) NOT NULL,
  `initial_expenses` varchar(20) NOT NULL,
  `loadings` varchar(20) NOT NULL,
  PRIMARY KEY (`id`)
) ENGINE=InnoDB AUTO_INCREMENT=2 DEFAULT CHARSET=utf8;

LOCK TABLES `expensedata` WRITE;
/*!40000 ALTER TABLE `expensedata` DISABLE KEYS */;

INSERT INTO `expensedata` (`id`, `renewal_expenses`, `expense_inflation`, `initial_expenses`, `loadings`)
VALUES
	(1,'49.50','0.08','167','0.012');

/*!40000 ALTER TABLE `expensedata` ENABLE KEYS */;
UNLOCK TABLES;


# Dump of table gender
# ------------------------------------------------------------

DROP TABLE IF EXISTS `gender`;

CREATE TABLE `gender` (
  `id` bigint(20) NOT NULL AUTO_INCREMENT,
  `title` varchar(255) NOT NULL,
  PRIMARY KEY (`id`)
) ENGINE=InnoDB AUTO_INCREMENT=3 DEFAULT CHARSET=utf8;

LOCK TABLES `gender` WRITE;
/*!40000 ALTER TABLE `gender` DISABLE KEYS */;

INSERT INTO `gender` (`id`, `title`)
VALUES
	(1,'male'),
	(2,'female');

/*!40000 ALTER TABLE `gender` ENABLE KEYS */;
UNLOCK TABLES;


# Dump of table marketdata
# ------------------------------------------------------------

DROP TABLE IF EXISTS `marketdata`;

CREATE TABLE `marketdata` (
  `id` bigint(20) NOT NULL AUTO_INCREMENT,
  `uploaded_at` datetime NOT NULL,
  `inception_date` datetime NOT NULL,
  `month_array` text NOT NULL,
  `discounting_array` text NOT NULL,
  `dhfactors_matrix` text NOT NULL,
  `created_at` datetime NOT NULL,
  `updated_at` datetime NOT NULL,
  PRIMARY KEY (`id`)
) ENGINE=InnoDB AUTO_INCREMENT=46 DEFAULT CHARSET=utf8;

LOCK TABLES `marketdata` WRITE;
/*!40000 ALTER TABLE `marketdata` DISABLE KEYS */;

INSERT INTO `marketdata` (`id`, `uploaded_at`, `inception_date`, `month_array`, `discounting_array`, `dhfactors_matrix`, `created_at`, `updated_at`)
VALUES
	(44,'2011-05-13 00:00:00','2011-06-01 00:00:00','({40633.00}{40633.00}{40633.00})({40663.00}{40663.00}{40663.00})({40694.00}{40694.00}{40694.00})({40724.00}{40724.00}{40724.00})({40755.00}{40755.00}{40755.00})({40786.00}{40786.00}{40786.00})({40816.00}{40816.00}{40816.00})({40847.00}{40847.00}{40847.00})({40877.00}{40877.00}{40877.00})({40908.00}{40908.00}{40908.00})({40939.00}{40939.00}{40939.00})({40968.00}{40968.00}{40968.00})({40999.00}{40999.00}{40999.00})({41029.00}{41029.00}{41029.00})({41060.00}{41060.00}{41060.00})({41090.00}{41090.00}{41090.00})({41121.00}{41121.00}{41121.00})({41152.00}{41152.00}{41152.00})({41182.00}{41182.00}{41182.00})({41213.00}{41213.00}{41213.00})({41243.00}{41243.00}{41243.00})({41274.00}{41274.00}{41274.00})({41305.00}{41305.00}{41305.00})({41333.00}{41333.00}{41333.00})({41364.00}{41364.00}{41364.00})({41394.00}{41394.00}{41394.00})({41425.00}{41425.00}{41425.00})({41455.00}{41455.00}{41455.00})({41486.00}{41486.00}{41486.00})({41517.00}{41517.00}{41517.00})({41547.00}{41547.00}{41547.00})({41578.00}{41578.00}{41578.00})({41608.00}{41608.00}{41608.00})({41639.00}{41639.00}{41639.00})({41670.00}{41670.00}{41670.00})({41698.00}{41698.00}{41698.00})({41729.00}{41729.00}{41729.00})({41759.00}{41759.00}{41759.00})({41790.00}{41790.00}{41790.00})({41820.00}{41820.00}{41820.00})({41851.00}{41851.00}{41851.00})({41882.00}{41882.00}{41882.00})({41912.00}{41912.00}{41912.00})({41943.00}{41943.00}{41943.00})({41973.00}{41973.00}{41973.00})({42004.00}{42004.00}{42004.00})({42035.00}{42035.00}{42035.00})({42063.00}{42063.00}{42063.00})({42094.00}{42094.00}{42094.00})({42124.00}{42124.00}{42124.00})({42155.00}{42155.00}{42155.00})({42185.00}{42185.00}{42185.00})({42216.00}{42216.00}{42216.00})({42247.00}{42247.00}{42247.00})({42277.00}{42277.00}{42277.00})({42308.00}{42308.00}{42308.00})({42338.00}{42338.00}{42338.00})({42369.00}{42369.00}{42369.00})({42400.00}{42400.00}{42400.00})({42429.00}{42429.00}{42429.00})({42460.00}{42460.00}{42460.00})({42490.00}{42490.00}{42490.00})({42521.00}{42521.00}{42521.00})({42551.00}{42551.00}{42551.00})({42582.00}{42582.00}{42582.00})({42613.00}{42613.00}{42613.00})({42643.00}{42643.00}{42643.00})({42674.00}{42674.00}{42674.00})({42704.00}{42704.00}{42704.00})({42735.00}{42735.00}{42735.00})({42766.00}{42766.00}{42766.00})({42794.00}{42794.00}{42794.00})({42825.00}{42825.00}{42825.00})({42855.00}{42855.00}{42855.00})({42886.00}{42886.00}{42886.00})({42916.00}{42916.00}{42916.00})({42947.00}{42947.00}{42947.00})({42978.00}{42978.00}{42978.00})({43008.00}{43008.00}{43008.00})({43039.00}{43039.00}{43039.00})({43069.00}{43069.00}{43069.00})({43100.00}{43100.00}{43100.00})({43131.00}{43131.00}{43131.00})({43159.00}{43159.00}{43159.00})({43190.00}{43190.00}{43190.00})({43220.00}{43220.00}{43220.00})({43251.00}{43251.00}{43251.00})({43281.00}{43281.00}{43281.00})({43312.00}{43312.00}{43312.00})({43343.00}{43343.00}{43343.00})({43373.00}{43373.00}{43373.00})({43404.00}{43404.00}{43404.00})({43434.00}{43434.00}{43434.00})({43465.00}{43465.00}{43465.00})({43496.00}{43496.00}{43496.00})({43524.00}{43524.00}{43524.00})({43555.00}{43555.00}{43555.00})({43585.00}{43585.00}{43585.00})({43616.00}{43616.00}{43616.00})({43646.00}{43646.00}{43646.00})({43677.00}{43677.00}{43677.00})({43708.00}{43708.00}{43708.00})({43738.00}{43738.00}{43738.00})({43769.00}{43769.00}{43769.00})({43799.00}{43799.00}{43799.00})({43830.00}{43830.00}{43830.00})({43861.00}{43861.00}{43861.00})({43890.00}{43890.00}{43890.00})({43921.00}{43921.00}{43921.00})({43951.00}{43951.00}{43951.00})({43982.00}{43982.00}{43982.00})({44012.00}{44012.00}{44012.00})({44043.00}{44043.00}{44043.00})({44074.00}{44074.00}{44074.00})({44104.00}{44104.00}{44104.00})({44135.00}{44135.00}{44135.00})({44165.00}{44165.00}{44165.00})({44196.00}{44196.00}{44196.00})({44227.00}{44227.00}{44227.00})({44255.00}{44255.00}{44255.00})({44286.00}{44286.00}{44286.00})({44316.00}{44316.00}{44316.00})({44347.00}{44347.00}{44347.00})({44377.00}{44377.00}{44377.00})({44408.00}{44408.00}{44408.00})({44439.00}{44439.00}{44439.00})({44469.00}{44469.00}{44469.00})({44500.00}{44500.00}{44500.00})({44530.00}{44530.00}{44530.00})({44561.00}{44561.00}{44561.00})({44592.00}{44592.00}{44592.00})({44620.00}{44620.00}{44620.00})({44651.00}{44651.00}{44651.00})({44681.00}{44681.00}{44681.00})({44712.00}{44712.00}{44712.00})({44742.00}{44742.00}{44742.00})({44773.00}{44773.00}{44773.00})({44804.00}{44804.00}{44804.00})({44834.00}{44834.00}{44834.00})({44865.00}{44865.00}{44865.00})({44895.00}{44895.00}{44895.00})({44926.00}{44926.00}{44926.00})({44957.00}{44957.00}{44957.00})({44985.00}{44985.00}{44985.00})({45016.00}{45016.00}{45016.00})({45046.00}{45046.00}{45046.00})({45077.00}{45077.00}{45077.00})({45107.00}{45107.00}{45107.00})({45138.00}{45138.00}{45138.00})({45169.00}{45169.00}{45169.00})({45199.00}{45199.00}{45199.00})({45230.00}{45230.00}{45230.00})({45260.00}{45260.00}{45260.00})({45291.00}{45291.00}{45291.00})({45322.00}{45322.00}{45322.00})({45351.00}{45351.00}{45351.00})({45382.00}{45382.00}{45382.00})({45412.00}{45412.00}{45412.00})({45443.00}{45443.00}{45443.00})({45473.00}{45473.00}{45473.00})({45504.00}{45504.00}{45504.00})({45535.00}{45535.00}{45535.00})({45565.00}{45565.00}{45565.00})({45596.00}{45596.00}{45596.00})({45626.00}{45626.00}{45626.00})({45657.00}{45657.00}{45657.00})({45688.00}{45688.00}{45688.00})({45716.00}{45716.00}{45716.00})({45747.00}{45747.00}{45747.00})({45777.00}{45777.00}{45777.00})({45808.00}{45808.00}{45808.00})({45838.00}{45838.00}{45838.00})({45869.00}{45869.00}{45869.00})({45900.00}{45900.00}{45900.00})({45930.00}{45930.00}{45930.00})({45961.00}{45961.00}{45961.00})({45991.00}{45991.00}{45991.00})({46022.00}{46022.00}{46022.00})({46053.00}{46053.00}{46053.00})({46081.00}{46081.00}{46081.00})({46112.00}{46112.00}{46112.00})({46142.00}{46142.00}{46142.00})({46173.00}{46173.00}{46173.00})({46203.00}{46203.00}{46203.00})({46234.00}{46234.00}{46234.00})({46265.00}{46265.00}{46265.00})({46295.00}{46295.00}{46295.00})({46326.00}{46326.00}{46326.00})({46356.00}{46356.00}{46356.00})({46387.00}{46387.00}{46387.00})({46418.00}{46418.00}{46418.00})({46446.00}{46446.00}{46446.00})({46477.00}{46477.00}{46477.00})({46507.00}{46507.00}{46507.00})({46538.00}{46538.00}{46538.00})({46568.00}{46568.00}{46568.00})({46599.00}{46599.00}{46599.00})({46630.00}{46630.00}{46630.00})({46660.00}{46660.00}{46660.00})({46691.00}{46691.00}{46691.00})({46721.00}{46721.00}{46721.00})({46752.00}{46752.00}{46752.00})({46783.00}{46783.00}{46783.00})({46812.00}{46812.00}{46812.00})({46843.00}{46843.00}{46843.00})({46873.00}{46873.00}{46873.00})({46904.00}{46904.00}{46904.00})({46934.00}{46934.00}{46934.00})({46965.00}{46965.00}{46965.00})({46996.00}{46996.00}{46996.00})({47026.00}{47026.00}{47026.00})({47057.00}{47057.00}{47057.00})({47087.00}{47087.00}{47087.00})({47118.00}{47118.00}{47118.00})({47149.00}{47149.00}{47149.00})({47177.00}{47177.00}{47177.00})({47208.00}{47208.00}{47208.00})({47238.00}{47238.00}{47238.00})({47269.00}{47269.00}{47269.00})({47299.00}{47299.00}{47299.00})({47330.00}{47330.00}{47330.00})({47361.00}{47361.00}{47361.00})({47391.00}{47391.00}{47391.00})({47422.00}{47422.00}{47422.00})({47452.00}{47452.00}{47452.00})({47483.00}{47483.00}{47483.00})({47514.00}{47514.00}{47514.00})({47542.00}{47542.00}{47542.00})({47573.00}{47573.00}{47573.00})({47603.00}{47603.00}{47603.00})({47634.00}{47634.00}{47634.00})({47664.00}{47664.00}{47664.00})({47695.00}{47695.00}{47695.00})({47726.00}{47726.00}{47726.00})({47756.00}{47756.00}{47756.00})({47787.00}{47787.00}{47787.00})({47817.00}{47817.00}{47817.00})({47848.00}{47848.00}{47848.00})({47879.00}{47879.00}{47879.00})({47907.00}{47907.00}{47907.00})({47938.00}{47938.00}{47938.00})({47968.00}{47968.00}{47968.00})({47999.00}{47999.00}{47999.00})({48029.00}{48029.00}{48029.00})({48060.00}{48060.00}{48060.00})({48091.00}{48091.00}{48091.00})({48121.00}{48121.00}{48121.00})({48152.00}{48152.00}{48152.00})({48182.00}{48182.00}{48182.00})({48213.00}{48213.00}{48213.00})({48244.00}{48244.00}{48244.00})({48273.00}{48273.00}{48273.00})({48304.00}{48304.00}{48304.00})({48334.00}{48334.00}{48334.00})({48365.00}{48365.00}{48365.00})({48395.00}{48395.00}{48395.00})({48426.00}{48426.00}{48426.00})({48457.00}{48457.00}{48457.00})({48487.00}{48487.00}{48487.00})({48518.00}{48518.00}{48518.00})({48548.00}{48548.00}{48548.00})({48579.00}{48579.00}{48579.00})({48610.00}{48610.00}{48610.00})({48638.00}{48638.00}{48638.00})({48669.00}{48669.00}{48669.00})({48699.00}{48699.00}{48699.00})({48730.00}{48730.00}{48730.00})({48760.00}{48760.00}{48760.00})({48791.00}{48791.00}{48791.00})({48822.00}{48822.00}{48822.00})({48852.00}{48852.00}{48852.00})({48883.00}{48883.00}{48883.00})({48913.00}{48913.00}{48913.00})({48944.00}{48944.00}{48944.00})({48975.00}{48975.00}{48975.00})({49003.00}{49003.00}{49003.00})({49034.00}{49034.00}{49034.00})({49064.00}{49064.00}{49064.00})({49095.00}{49095.00}{49095.00})({49125.00}{49125.00}{49125.00})({49156.00}{49156.00}{49156.00})({49187.00}{49187.00}{49187.00})({49217.00}{49217.00}{49217.00})({49248.00}{49248.00}{49248.00})({49278.00}{49278.00}{49278.00})({49309.00}{49309.00}{49309.00})({49340.00}{49340.00}{49340.00})({49368.00}{49368.00}{49368.00})({49399.00}{49399.00}{49399.00})({49429.00}{49429.00}{49429.00})({49460.00}{49460.00}{49460.00})({49490.00}{49490.00}{49490.00})({49521.00}{49521.00}{49521.00})({49552.00}{49552.00}{49552.00})({49582.00}{49582.00}{49582.00})({49613.00}{49613.00}{49613.00})({49643.00}{49643.00}{49643.00})({49674.00}{49674.00}{49674.00})({49705.00}{49705.00}{49705.00})({49734.00}{49734.00}{49734.00})({49765.00}{49765.00}{49765.00})({49795.00}{49795.00}{49795.00})({49826.00}{49826.00}{49826.00})({49856.00}{49856.00}{49856.00})({49887.00}{49887.00}{49887.00})({49918.00}{49918.00}{49918.00})({49948.00}{49948.00}{49948.00})({49979.00}{49979.00}{49979.00})({50009.00}{50009.00}{50009.00})({50040.00}{50040.00}{50040.00})({50071.00}{50071.00}{50071.00})({50099.00}{50099.00}{50099.00})({50130.00}{50130.00}{50130.00})({50160.00}{50160.00}{50160.00})({50191.00}{50191.00}{50191.00})({50221.00}{50221.00}{50221.00})({50252.00}{50252.00}{50252.00})({50283.00}{50283.00}{50283.00})({50313.00}{50313.00}{50313.00})({50344.00}{50344.00}{50344.00})({50374.00}{50374.00}{50374.00})({50405.00}{50405.00}{50405.00})({50436.00}{50436.00}{50436.00})({50464.00}{50464.00}{50464.00})({50495.00}{50495.00}{50495.00})({50525.00}{50525.00}{50525.00})({50556.00}{50556.00}{50556.00})({50586.00}{50586.00}{50586.00})({50617.00}{50617.00}{50617.00})({50648.00}{50648.00}{50648.00})({50678.00}{50678.00}{50678.00})({50709.00}{50709.00}{50709.00})({50739.00}{50739.00}{50739.00})({50770.00}{50770.00}{50770.00})({50801.00}{50801.00}{50801.00})({50829.00}{50829.00}{50829.00})({50860.00}{50860.00}{50860.00})({50890.00}{50890.00}{50890.00})({50921.00}{50921.00}{50921.00})({50951.00}{50951.00}{50951.00})({50982.00}{50982.00}{50982.00})({51013.00}{51013.00}{51013.00})({51043.00}{51043.00}{51043.00})({51074.00}{51074.00}{51074.00})({51104.00}{51104.00}{51104.00})({51135.00}{51135.00}{51135.00})({51166.00}{51166.00}{51166.00})({51195.00}{51195.00}{51195.00})({51226.00}{51226.00}{51226.00})({51256.00}{51256.00}{51256.00})({51287.00}{51287.00}{51287.00})({51317.00}{51317.00}{51317.00})({51348.00}{51348.00}{51348.00})({51379.00}{51379.00}{51379.00})({51409.00}{51409.00}{51409.00})({51440.00}{51440.00}{51440.00})({51470.00}{51470.00}{51470.00})({51501.00}{51501.00}{51501.00})({51532.00}{51532.00}{51532.00})({51560.00}{51560.00}{51560.00})','({0.995950948194911}{0.995950948194911}{0.995950948194911})({0.991782898750378}{0.991782898750378}{0.991782898750378})({0.987439814235447}{0.987439814235447}{0.987439814235447})({0.983296919351395}{0.983296919351395}{0.983296919351395})({0.979038449801001}{0.979038449801001}{0.979038449801001})({0.974709977919451}{0.974709977919451}{0.974709977919451})({0.970479369874072}{0.970479369874072}{0.970479369874072})({0.966056997222338}{0.966056997222338}{0.966056997222338})({0.961712368498498}{0.961712368498498}{0.961712368498498})({0.957147447884315}{0.957147447884315}{0.957147447884315})({0.952496654516916}{0.952496654516916}{0.952496654516916})({0.948047577987132}{0.948047577987132}{0.948047577987132})({0.943177657564444}{0.943177657564444}{0.943177657564444})({0.938373480564094}{0.938373480564094}{0.938373480564094})({0.933326298572313}{0.933326298572313}{0.933326298572313})({0.928349247272946}{0.928349247272946}{0.928349247272946})({0.923121078621640}{0.923121078621640}{0.923121078621640})({0.917810995551140}{0.917810995551140}{0.917810995551140})({0.912591378909875}{0.912591378909875}{0.912591378909875})({0.907120671618498}{0.907120671618498}{0.907120671618498})({0.901752069861272}{0.901752069861272}{0.901752069861272})({0.896127749684119}{0.896127749684119}{0.896127749684119})({0.890453745756113}{0.890453745756113}{0.890453745756113})({0.885307720908083}{0.885307720908083}{0.885307720908083})({0.879580609176335}{0.879580609176335}{0.879580609176335})({0.874010720165095}{0.874010720165095}{0.874010720165095})({0.868232280635398}{0.868232280635398}{0.868232280635398})({0.862620447264972}{0.862620447264972}{0.862620447264972})({0.856807926365941}{0.856807926365941}{0.856807926365941})({0.850985465800023}{0.850985465800023}{0.850985465800023})({0.845344015156174}{0.845344015156174}{0.845344015156174})({0.839513414520772}{0.839513414520772}{0.839513414520772})({0.833873735887493}{0.833873735887493}{0.833873735887493})({0.828052079800382}{0.828052079800382}{0.828052079800382})({0.822241775704819}{0.822241775704819}{0.822241775704819})({0.817009187872232}{0.817009187872232}{0.817009187872232})({0.811242616481688}{0.811242616481688}{0.811242616481688})({0.805692685990009}{0.805692685990009}{0.805692685990009})({0.799986152213014}{0.799986152213014}{0.799986152213014})({0.794490530550948}{0.794490530550948}{0.794490530550948})({0.788839572691105}{0.788839572691105}{0.788839572691105})({0.783214494920618}{0.783214494920618}{0.783214494920618})({0.777793556715283}{0.777793556715283}{0.777793556715283})({0.772213831660758}{0.772213831660758}{0.772213831660758})({0.766830463928410}{0.766830463928410}{0.766830463928410})({0.761284159684561}{0.761284159684561}{0.761284159684561})({0.755749793706051}{0.755749793706051}{0.755749793706051})({0.750764827932837}{0.750764827932837}{0.750764827932837})({0.745277791599720}{0.745277791599720}{0.745277791599720})({0.740003532140450}{0.740003532140450}{0.740003532140450})({0.734584822009612}{0.734584822009612}{0.734584822009612})({0.729374714723708}{0.729374714723708}{0.729374714723708})({0.724024039593620}{0.724024039593620}{0.724024039593620})({0.718703302802617}{0.718703302802617}{0.718703302802617})({0.713583683982504}{0.713583683982504}{0.713583683982504})({0.708321752821224}{0.708321752821224}{0.708321752821224})({0.703254461535027}{0.703254461535027}{0.703254461535027})({0.698043667445652}{0.698043667445652}{0.698043667445652})({0.692854528546445}{0.692854528546445}{0.692854528546445})({0.688023435679723}{0.688023435679723}{0.688023435679723})({0.682892933673889}{0.682892933673889}{0.682892933673889})({0.677962239276330}{0.677962239276330}{0.677962239276330})({0.672900409647112}{0.672900409647112}{0.672900409647112})({0.668035582632895}{0.668035582632895}{0.668035582632895})({0.663042303081539}{0.663042303081539}{0.663042303081539})({0.658082837556098}{0.658082837556098}{0.658082837556098})({0.653315425371317}{0.653315425371317}{0.653315425371317})({0.648420118240741}{0.648420118240741}{0.648420118240741})({0.643713600827912}{0.643713600827912}{0.643713600827912})({0.638881247217593}{0.638881247217593}{0.638881247217593})({0.634078390275077}{0.634078390275077}{0.634078390275077})({0.629768248819946}{0.629768248819946}{0.629768248819946})({0.625032562169081}{0.625032562169081}{0.625032562169081})({0.620484200334729}{0.620484200334729}{0.620484200334729})({0.615820617064664}{0.615820617064664}{0.615820617064664})({0.611342656354199}{0.611342656354199}{0.611342656354199})({0.606749447353604}{0.606749447353604}{0.606749447353604})({0.602191727179658}{0.602191727179658}{0.602191727179658})({0.597813817145829}{0.597813817145829}{0.597813817145829})({0.593322509080252}{0.593322509080252}{0.593322509080252})({0.589007449950619}{0.589007449950619}{0.589007449950619})({0.584580150567661}{0.584580150567661}{0.584580150567661})({0.580183606115396}{0.580183606115396}{0.580183606115396})({0.576240060901363}{0.576240060901363}{0.576240060901363})({0.571908112682557}{0.571908112682557}{0.571908112682557})({0.567748817697192}{0.567748817697192}{0.567748817697192})({0.563485603168057}{0.563485603168057}{0.563485603168057})({0.559393657394488}{0.559393657394488}{0.559393657394488})({0.555199084504349}{0.555199084504349}{0.555199084504349})({0.551039695554077}{0.551039695554077}{0.551039695554077})({0.547046328764660}{0.547046328764660}{0.547046328764660})({0.542953815259083}{0.542953815259083}{0.542953815259083})({0.539025782934815}{0.539025782934815}{0.539025782934815})({0.534999163060412}{0.534999163060412}{0.534999163060412})({0.531005760846890}{0.531005760846890}{0.531005760846890})({0.527427773132702}{0.527427773132702}{0.527427773132702})({0.523499681795586}{0.523499681795586}{0.523499681795586})({0.519731663143177}{0.519731663143177}{0.519731663143177})({0.515872248081766}{0.515872248081766}{0.515872248081766})({0.512169705961543}{0.512169705961543}{0.512169705961543})({0.508378020844023}{0.508378020844023}{0.508378020844023})({0.504620719728531}{0.504620719728531}{0.504620719728531})({0.501016671970003}{0.501016671970003}{0.501016671970003})({0.497326061722980}{0.497326061722980}{0.497326061722980})({0.493786693365931}{0.493786693365931}{0.493786693365931})({0.490162071281696}{0.490162071281696}{0.490162071281696})({0.486570848314934}{0.486570848314934}{0.486570848314934})({0.483241573804472}{0.483241573804472}{0.483241573804472})({0.479716880249058}{0.479716880249058}{0.479716880249058})({0.476339847033731}{0.476339847033731}{0.476339847033731})({0.472882844324411}{0.472882844324411}{0.472882844324411})({0.469570163994690}{0.469570163994690}{0.469570163994690})({0.466180204087171}{0.466180204087171}{0.466180204087171})({0.462822228472635}{0.462822228472635}{0.462822228472635})({0.459603568075490}{0.459603568075490}{0.459603568075490})({0.456308901536601}{0.456308901536601}{0.456308901536601})({0.453149709739253}{0.453149709739253}{0.453149709739253})({0.449915840619727}{0.449915840619727}{0.449915840619727})({0.446710976955706}{0.446710976955706}{0.446710976955706})({0.443843893827472}{0.443843893827472}{0.443843893827472})({0.440705302437443}{0.440705302437443}{0.440705302437443})({0.437703556296134}{0.437703556296134}{0.437703556296134})({0.434636181922459}{0.434636181922459}{0.434636181922459})({0.431701481274086}{0.431701481274086}{0.431701481274086})({0.428702551939601}{0.428702551939601}{0.428702551939601})({0.425736080305049}{0.425736080305049}{0.425736080305049})({0.422895819177715}{0.422895819177715}{0.422895819177715})({0.419991199527785}{0.419991199527785}{0.419991199527785})({0.417208590242023}{0.417208590242023}{0.417208590242023})({0.414361683920372}{0.414361683920372}{0.414361683920372})({0.411541931869828}{0.411541931869828}{0.411541931869828})({0.409018104744024}{0.409018104744024}{0.409018104744024})({0.406248199642988}{0.406248199642988}{0.406248199642988})({0.403591090717137}{0.403591090717137}{0.403591090717137})({0.400868127123202}{0.400868127123202}{0.400868127123202})({0.398254416553778}{0.398254416553778}{0.398254416553778})({0.395574479978544}{0.395574479978544}{0.395574479978544})({0.392914636374729}{0.392914636374729}{0.392914636374729})({0.390358779175889}{0.390358779175889}{0.390358779175889})({0.387735366895873}{0.387735366895873}{0.387735366895873})({0.385212650755202}{0.385212650755202}{0.385212650755202})({0.382621269459598}{0.382621269459598}{0.382621269459598})({0.380044768383077}{0.380044768383077}{0.380044768383077})({0.377731566965376}{0.377731566965376}{0.377731566965376})({0.375191880084473}{0.375191880084473}{0.375191880084473})({0.372755233242833}{0.372755233242833}{0.372755233242833})({0.370259153377261}{0.370259153377261}{0.370259153377261})({0.367864559568926}{0.367864559568926}{0.367864559568926})({0.365411132270603}{0.365411132270603}{0.365411132270603})({0.362979065222028}{0.362979065222028}{0.362979065222028})({0.360645437187064}{0.360645437187064}{0.360645437187064})({0.358254275470793}{0.358254275470793}{0.358254275470793})({0.355959740507886}{0.355959740507886}{0.355959740507886})({0.353608501827937}{0.353608501827937}{0.353608501827937})({0.351276998716542}{0.351276998716542}{0.351276998716542})({0.349113622674914}{0.349113622674914}{0.349113622674914})({0.346819680568841}{0.346819680568841}{0.346819680568841})({0.344617763580855}{0.344617763580855}{0.344617763580855})({0.342360847716967}{0.342360847716967}{0.342360847716967})({0.340194104374171}{0.340194104374171}{0.340194104374171})({0.337973063260291}{0.337973063260291}{0.337973063260291})({0.335769807199663}{0.335769807199663}{0.335769807199663})({0.333654232677208}{0.333654232677208}{0.333654232677208})({0.331485147043245}{0.331485147043245}{0.331485147043245})({0.329402201184447}{0.329402201184447}{0.329402201184447})({0.327266213242146}{0.327266213242146}{0.327266213242146})({0.325146574977505}{0.325146574977505}{0.325146574977505})({0.323245912180246}{0.323245912180246}{0.323245912180246})({0.321156667763042}{0.321156667763042}{0.321156667763042})({0.319149638431532}{0.319149638431532}{0.319149638431532})({0.317090777545114}{0.317090777545114}{0.317090777545114})({0.315112583856431}{0.315112583856431}{0.315112583856431})({0.313082974553907}{0.313082974553907}{0.313082974553907})({0.311067786957934}{0.311067786957934}{0.311067786957934})({0.309131140867100}{0.309131140867100}{0.309131140867100})({0.307143631017193}{0.307143631017193}{0.307143631017193})({0.305233195425509}{0.305233195425509}{0.305233195425509})({0.303272269413027}{0.303272269413027}{0.303272269413027})({0.301324429899512}{0.301324429899512}{0.301324429899512})({0.299576458976643}{0.299576458976643}{0.299576458976643})({0.297654649615942}{0.297654649615942}{0.297654649615942})({0.295808374129901}{0.295808374129901}{0.295808374129901})({0.293914372522224}{0.293914372522224}{0.293914372522224})({0.292094833012624}{0.292094833012624}{0.292094833012624})({0.290228352448980}{0.290228352448980}{0.290228352448980})({0.288375687309260}{0.288375687309260}{0.288375687309260})({0.286595902175943}{0.286595902175943}{0.286595902175943})({0.284770270707890}{0.284770270707890}{0.284770270707890})({0.283016425217298}{0.283016425217298}{0.283016425217298})({0.281217507651400}{0.281217507651400}{0.281217507651400})({0.279431973835069}{0.279431973835069}{0.279431973835069})({0.277830747128549}{0.277830747128549}{0.277830747128549})({0.276070573493369}{0.276070573493369}{0.276070573493369})({0.274379832396488}{0.274379832396488}{0.274379832396488})({0.272645572156741}{0.272645572156741}{0.272645572156741})({0.270979739355755}{0.270979739355755}{0.270979739355755})({0.269271176930191}{0.269271176930191}{0.269271176930191})({0.267575525603303}{0.267575525603303}{0.267575525603303})({0.265946787566467}{0.265946787566467}{0.265946787566467})({0.264276305963078}{0.264276305963078}{0.264276305963078})({0.262671830883287}{0.262671830883287}{0.262671830883287})({0.261026313449018}{0.261026313449018}{0.261026313449018})({0.259393244441656}{0.259393244441656}{0.259393244441656})({0.257876915603638}{0.257876915603638}{0.257876915603638})({0.256268011257776}{0.256268011257776}{0.256268011257776})({0.254722734285649}{0.254722734285649}{0.254722734285649})({0.253138011277583}{0.253138011277583}{0.253138011277583})({0.251616070905036}{0.251616070905036}{0.251616070905036})({0.250055293983430}{0.250055293983430}{0.250055293983430})({0.248506591504983}{0.248506591504983}{0.248506591504983})({0.247019283977915}{0.247019283977915}{0.247019283977915})({0.245494089022939}{0.245494089022939}{0.245494089022939})({0.244029436893943}{0.244029436893943}{0.244029436893943})({0.242527565809001}{0.242527565809001}{0.242527565809001})({0.241037388439565}{0.241037388439565}{0.241037388439565})({0.239701437034687}{0.239701437034687}{0.239701437034687})({0.238233486845104}{0.238233486845104}{0.238233486845104})({0.236823791645312}{0.236823791645312}{0.236823791645312})({0.235378370276904}{0.235378370276904}{0.235378370276904})({0.233990501245206}{0.233990501245206}{0.233990501245206})({0.232567500859750}{0.232567500859750}{0.232567500859750})({0.231155828304398}{0.231155828304398}{0.231155828304398})({0.229800318349634}{0.229800318349634}{0.229800318349634})({0.228410630224241}{0.228410630224241}{0.228410630224241})({0.227076402923900}{0.227076402923900}{0.227076402923900})({0.225708479652507}{0.225708479652507}{0.225708479652507})({0.224351512300109}{0.224351512300109}{0.224351512300109})({0.223135279746249}{0.223135279746249}{0.223135279746249})({0.221799091388000}{0.221799091388000}{0.221799091388000})({0.220516263717222}{0.220516263717222}{0.220516263717222})({0.219201273821564}{0.219201273821564}{0.219201273821564})({0.217938830631517}{0.217938830631517}{0.217938830631517})({0.216644783239198}{0.216644783239198}{0.216644783239198})({0.215361313273317}{0.215361313273317}{0.215361313273317})({0.214129191115879}{0.214129191115879}{0.214129191115879})({0.212866337008644}{0.212866337008644}{0.212866337008644})({0.211654151234965}{0.211654151234965}{0.211654151234965})({0.210411666677946}{0.210411666677946}{0.210411666677946})({0.209179545625079}{0.209179545625079}{0.209179545625079})({0.208075223751936}{0.208075223751936}{0.208075223751936})({0.206861780512301}{0.206861780512301}{0.206861780512301})({0.205696588921982}{0.205696588921982}{0.205696588921982})({0.204501906147864}{0.204501906147864}{0.204501906147864})({0.203354678447692}{0.203354678447692}{0.203354678447692})({0.202178486278141}{0.202178486278141}{0.202178486278141})({0.201011572436127}{0.201011572436127}{0.201011572436127})({0.199891131057686}{0.199891131057686}{0.199891131057686})({0.198742429315090}{0.198742429315090}{0.198742429315090})({0.197639380580766}{0.197639380580766}{0.197639380580766})({0.196508557391442}{0.196508557391442}{0.196508557391442})({0.195386752593988}{0.195386752593988}{0.195386752593988})({0.194345398321261}{0.194345398321261}{0.194345398321261})({0.193240889113458}{0.193240889113458}{0.193240889113458})({0.192180457260791}{0.192180457260791}{0.192180457260791})({0.191093242175592}{0.191093242175592}{0.191093242175592})({0.190049494791798}{0.190049494791798}{0.190049494791798})({0.188979500882104}{0.188979500882104}{0.188979500882104})({0.187918142926097}{0.187918142926097}{0.187918142926097})({0.186899173497163}{0.186899173497163}{0.186899173497163})({0.185854630208380}{0.185854630208380}{0.185854630208380})({0.184851884112753}{0.184851884112753}{0.184851884112753})({0.183824006114975}{0.183824006114975}{0.183824006114975})({0.182804444085810}{0.182804444085810}{0.182804444085810})({0.181890720079648}{0.181890720079648}{0.181890720079648})({0.180886975397607}{0.180886975397607}{0.180886975397607})({0.179923475247147}{0.179923475247147}{0.179923475247147})({0.178935811789039}{0.178935811789039}{0.178935811789039})({0.177987769265799}{0.177987769265799}{0.177987769265799})({0.177016111769614}{0.177016111769614}{0.177016111769614})({0.176052442791694}{0.176052442791694}{0.176052442791694})({0.175127496428499}{0.175127496428499}{0.175127496428499})({0.174179441981946}{0.174179441981946}{0.174179441981946})({0.173269508783872}{0.173269508783872}{0.173269508783872})({0.172336972778306}{0.172336972778306}{0.172336972778306})({0.171412148781521}{0.171412148781521}{0.171412148781521})({0.170583483211407}{0.170583483211407}{0.170583483211407})({0.169673445400775}{0.169673445400775}{0.169673445400775})({0.168799928750511}{0.168799928750511}{0.168799928750511})({0.167904833571587}{0.167904833571587}{0.167904833571587})({0.167045833115445}{0.167045833115445}{0.167045833115445})({0.166165508268446}{0.166165508268446}{0.166165508268446})({0.165292661075001}{0.165292661075001}{0.165292661075001})({0.164455108202997}{0.164455108202997}{0.164455108202997})({0.163596828759595}{0.163596828759595}{0.163596828759595})({0.162773223054793}{0.162773223054793}{0.162773223054793})({0.161929354669519}{0.161929354669519}{0.161929354669519})({0.161092727817470}{0.161092727817470}{0.161092727817470})({0.160343224605809}{0.160343224605809}{0.160343224605809})({0.159520320147927}{0.159520320147927}{0.159520320147927})({0.158730684047036}{0.158730684047036}{0.158730684047036})({0.157921681042098}{0.157921681042098}{0.157921681042098})({0.157145523837809}{0.157145523837809}{0.157145523837809})({0.156350313647124}{0.156350313647124}{0.156350313647124})({0.155562162740608}{0.155562162740608}{0.155562162740608})({0.154805915719768}{0.154805915719768}{0.154805915719768})({0.154031275354713}{0.154031275354713}{0.154031275354713})({0.153288196698217}{0.153288196698217}{0.153288196698217})({0.152526967024913}{0.152526967024913}{0.152526967024913})({0.151772477544563}{0.151772477544563}{0.151772477544563})({0.151072798136559}{0.151072798136559}{0.151072798136559})({0.150331073134649}{0.150331073134649}{0.150331073134649})({0.149619469858751}{0.149619469858751}{0.149619469858751})({0.148890448638458}{0.148890448638458}{0.148890448638458})({0.148190978678168}{0.148190978678168}{0.148190978678168})({0.147474456395437}{0.147474456395437}{0.147474456395437})({0.146764194220450}{0.146764194220450}{0.146764194220450})({0.146082784126234}{0.146082784126234}{0.146082784126234})({0.145384796164563}{0.145384796164563}{0.145384796164563})({0.144715107353976}{0.144715107353976}{0.144715107353976})({0.144029180736203}{0.144029180736203}{0.144029180736203})({0.143349281356768}{0.143349281356768}{0.143349281356768})({0.142740368619194}{0.142740368619194}{0.142740368619194})({0.142071859103054}{0.142071859103054}{0.142071859103054})({0.141430694752191}{0.141430694752191}{0.141430694752191})({0.140773817606706}{0.140773817606706}{0.140773817606706})({0.140143788032687}{0.140143788032687}{0.140143788032687})({0.139498523771744}{0.139498523771744}{0.139498523771744})({0.138858927413878}{0.138858927413878}{0.138858927413878})({0.138245506372339}{0.138245506372339}{0.138245506372339})({0.137617252185864}{0.137617252185864}{0.137617252185864})({0.137014655949947}{0.137014655949947}{0.137014655949947})({0.136397564031003}{0.136397564031003}{0.136397564031003})({0.135785914672167}{0.135785914672167}{0.135785914672167})({0.135238324213107}{0.135238324213107}{0.135238324213107})({0.134637288990466}{0.134637288990466}{0.134637288990466})({0.134060927003855}{0.134060927003855}{0.134060927003855})({0.133470589914876}{0.133470589914876}{0.133470589914876})({0.132904525731151}{0.132904525731151}{0.132904525731151})({0.132324867626319}{0.132324867626319}{0.132324867626319})({0.131750510198955}{0.131750510198955}{0.131750510198955})({0.131199740666716}{0.131199740666716}{0.131199740666716})({0.130635804483584}{0.130635804483584}{0.130635804483584})({0.130095042412504}{0.130095042412504}{0.130095042412504})({0.129541412413794}{0.129541412413794}{0.129541412413794})({0.128992836103608}{0.128992836103608}{0.128992836103608})({0.128501830072256}{0.128501830072256}{0.128501830072256})({0.127963049153635}{0.127963049153635}{0.127963049153635})({0.127446529088956}{0.127446529088956}{0.127446529088956})({0.126917652636639}{0.126917652636639}{0.126917652636639})({0.126410607748727}{0.126410607748727}{0.126410607748727})({0.125891570753478}{0.125891570753478}{0.125891570753478})({0.125377483890386}{0.125377483890386}{0.125377483890386})({0.124884682107390}{0.124884682107390}{0.124884682107390})({0.124380186738777}{0.124380186738777}{0.124380186738777})({0.123896590070512}{0.123896590070512}{0.123896590070512})({0.123401686389639}{0.123401686389639}{0.123401686389639})({0.122911465941610}{0.122911465941610}{0.122911465941610})({0.122457214236185}{0.122457214236185}{0.122457214236185})({0.121976224799811}{0.121976224799811}{0.121976224799811})({0.121515200725145}{0.121515200725145}{0.121515200725145})({0.121043382197958}{0.121043382197958}{0.121043382197958})({0.120591207336103}{0.120591207336103}{0.120591207336103})({0.120128538819739}{0.120128538819739}{0.120128538819739})({0.119670403847463}{0.119670403847463}{0.119670403847463})({0.119231421747658}{0.119231421747658}{0.119231421747658})({0.118782255085813}{0.118782255085813}{0.118782255085813})({0.118351851699135}{0.118351851699135}{0.118351851699135})({0.117911518837126}{0.117911518837126}{0.117911518837126})({0.117475605592206}{0.117475605592206}{0.117475605592206})({0.116841818736209}{0.116841818736209}{0.116841818736209})','({1.000000000000000}{1.000000000000000}{1.000000000000000})({1.000000000000000}{1.000000000000000}{1.000000000000000})({1.000000000000000}{1.000000000000000}{1.000000000000000})({1.000000000000000}{1.000000000000000}{1.000000000000000})({1.000000000000000}{1.000000000000000}{1.000000000000000})({1.000000000000000}{1.000000000000000}{1.000000000000000})({1.000000000000000}{1.000000000000000}{1.000000000000000})({1.000000000000000}{1.000000000000000}{1.000000000000000})({1.000000000000000}{1.000000000000000}{1.000000000000000})({1.000000000000000}{1.000000000000000}{1.000000000000000})({1.000000000000000}{1.000000000000000}{1.000000000000000})({1.000000000000000}{1.000000000000000}{1.000000000000000})({1.053001504307680}{1.053001504307680}{1.053001504307680})({1.053001504307680}{1.053001504307680}{1.053001504307680})({1.053001504307680}{1.053001504307680}{1.053001504307680})({1.053001504307680}{1.053001504307680}{1.053001504307680})({1.053001504307680}{1.053001504307680}{1.053001504307680})({1.053001504307680}{1.053001504307680}{1.053001504307680})({1.053001504307680}{1.053001504307680}{1.053001504307680})({1.053001504307680}{1.053001504307680}{1.053001504307680})({1.053001504307680}{1.053001504307680}{1.053001504307680})({1.053001504307680}{1.053001504307680}{1.053001504307680})({1.053001504307680}{1.053001504307680}{1.053001504307680})({1.053001504307680}{1.053001504307680}{1.053001504307680})({1.100089764689850}{1.100089764689850}{1.100089764689850})({1.100089764689850}{1.100089764689850}{1.100089764689850})({1.100089764689850}{1.100089764689850}{1.100089764689850})({1.100089764689850}{1.100089764689850}{1.100089764689850})({1.100089764689850}{1.100089764689850}{1.100089764689850})({1.100089764689850}{1.100089764689850}{1.100089764689850})({1.100089764689850}{1.100089764689850}{1.100089764689850})({1.100089764689850}{1.100089764689850}{1.100089764689850})({1.100089764689850}{1.100089764689850}{1.100089764689850})({1.100089764689850}{1.100089764689850}{1.100089764689850})({1.100089764689850}{1.100089764689850}{1.100089764689850})({1.100089764689850}{1.100089764689850}{1.100089764689850})({1.148217356359130}{1.148217356359130}{1.148217356359130})({1.148217356359130}{1.148217356359130}{1.148217356359130})({1.148217356359130}{1.148217356359130}{1.148217356359130})({1.148217356359130}{1.148217356359130}{1.148217356359130})({1.148217356359130}{1.148217356359130}{1.148217356359130})({1.148217356359130}{1.148217356359130}{1.148217356359130})({1.148217356359130}{1.148217356359130}{1.148217356359130})({1.148217356359130}{1.148217356359130}{1.148217356359130})({1.148217356359130}{1.148217356359130}{1.148217356359130})({1.148217356359130}{1.148217356359130}{1.148217356359130})({1.148217356359130}{1.148217356359130}{1.148217356359130})({1.148217356359130}{1.148217356359130}{1.148217356359130})({1.195513807440360}{1.195513807440360}{1.195513807440360})({1.195513807440360}{1.195513807440360}{1.195513807440360})({1.195513807440360}{1.195513807440360}{1.195513807440360})({1.195513807440360}{1.195513807440360}{1.195513807440360})({1.195513807440360}{1.195513807440360}{1.195513807440360})({1.195513807440360}{1.195513807440360}{1.195513807440360})({1.195513807440360}{1.195513807440360}{1.195513807440360})({1.195513807440360}{1.195513807440360}{1.195513807440360})({1.195513807440360}{1.195513807440360}{1.195513807440360})({1.195513807440360}{1.195513807440360}{1.195513807440360})({1.195513807440360}{1.195513807440360}{1.195513807440360})({1.195513807440360}{1.195513807440360}{1.195513807440360})({1.248275145324120}{1.248275145324120}{1.248275145324120})({1.248275145324120}{1.248275145324120}{1.248275145324120})({1.248275145324120}{1.248275145324120}{1.248275145324120})({1.248275145324120}{1.248275145324120}{1.248275145324120})({1.248275145324120}{1.248275145324120}{1.248275145324120})({1.248275145324120}{1.248275145324120}{1.248275145324120})({1.248275145324120}{1.248275145324120}{1.248275145324120})({1.248275145324120}{1.248275145324120}{1.248275145324120})({1.248275145324120}{1.248275145324120}{1.248275145324120})({1.248275145324120}{1.248275145324120}{1.248275145324120})({1.248275145324120}{1.248275145324120}{1.248275145324120})({1.248275145324120}{1.248275145324120}{1.248275145324120})({1.302845029278320}{1.302845029278320}{1.302845029278320})({1.302845029278320}{1.302845029278320}{1.302845029278320})({1.302845029278320}{1.302845029278320}{1.302845029278320})({1.302845029278320}{1.302845029278320}{1.302845029278320})({1.302845029278320}{1.302845029278320}{1.302845029278320})({1.302845029278320}{1.302845029278320}{1.302845029278320})({1.302845029278320}{1.302845029278320}{1.302845029278320})({1.302845029278320}{1.302845029278320}{1.302845029278320})({1.302845029278320}{1.302845029278320}{1.302845029278320})({1.302845029278320}{1.302845029278320}{1.302845029278320})({1.302845029278320}{1.302845029278320}{1.302845029278320})({1.302845029278320}{1.302845029278320}{1.302845029278320})({1.361986127784240}{1.361986127784240}{1.361986127784240})({1.361986127784240}{1.361986127784240}{1.361986127784240})({1.361986127784240}{1.361986127784240}{1.361986127784240})({1.361986127784240}{1.361986127784240}{1.361986127784240})({1.361986127784240}{1.361986127784240}{1.361986127784240})({1.361986127784240}{1.361986127784240}{1.361986127784240})({1.361986127784240}{1.361986127784240}{1.361986127784240})({1.361986127784240}{1.361986127784240}{1.361986127784240})({1.361986127784240}{1.361986127784240}{1.361986127784240})({1.361986127784240}{1.361986127784240}{1.361986127784240})({1.361986127784240}{1.361986127784240}{1.361986127784240})({1.361986127784240}{1.361986127784240}{1.361986127784240})({1.424923667560430}{1.424923667560430}{1.424923667560430})({1.424923667560430}{1.424923667560430}{1.424923667560430})({1.424923667560430}{1.424923667560430}{1.424923667560430})({1.424923667560430}{1.424923667560430}{1.424923667560430})({1.424923667560430}{1.424923667560430}{1.424923667560430})({1.424923667560430}{1.424923667560430}{1.424923667560430})({1.424923667560430}{1.424923667560430}{1.424923667560430})({1.424923667560430}{1.424923667560430}{1.424923667560430})({1.424923667560430}{1.424923667560430}{1.424923667560430})({1.424923667560430}{1.424923667560430}{1.424923667560430})({1.424923667560430}{1.424923667560430}{1.424923667560430})({1.424923667560430}{1.424923667560430}{1.424923667560430})({1.487419029523110}{1.487419029523110}{1.487419029523110})({1.487419029523110}{1.487419029523110}{1.487419029523110})({1.487419029523110}{1.487419029523110}{1.487419029523110})({1.487419029523110}{1.487419029523110}{1.487419029523110})({1.487419029523110}{1.487419029523110}{1.487419029523110})({1.487419029523110}{1.487419029523110}{1.487419029523110})({1.487419029523110}{1.487419029523110}{1.487419029523110})({1.487419029523110}{1.487419029523110}{1.487419029523110})({1.487419029523110}{1.487419029523110}{1.487419029523110})({1.487419029523110}{1.487419029523110}{1.487419029523110})({1.487419029523110}{1.487419029523110}{1.487419029523110})({1.487419029523110}{1.487419029523110}{1.487419029523110})({1.552391561125890}{1.552391561125890}{1.552391561125890})({1.552391561125890}{1.552391561125890}{1.552391561125890})({1.552391561125890}{1.552391561125890}{1.552391561125890})({1.552391561125890}{1.552391561125890}{1.552391561125890})({1.552391561125890}{1.552391561125890}{1.552391561125890})({1.552391561125890}{1.552391561125890}{1.552391561125890})({1.552391561125890}{1.552391561125890}{1.552391561125890})({1.552391561125890}{1.552391561125890}{1.552391561125890})({1.552391561125890}{1.552391561125890}{1.552391561125890})({1.552391561125890}{1.552391561125890}{1.552391561125890})({1.552391561125890}{1.552391561125890}{1.552391561125890})({1.552391561125890}{1.552391561125890}{1.552391561125890})({1.623751785244890}{1.623751785244890}{1.623751785244890})({1.623751785244890}{1.623751785244890}{1.623751785244890})({1.623751785244890}{1.623751785244890}{1.623751785244890})({1.623751785244890}{1.623751785244890}{1.623751785244890})({1.623751785244890}{1.623751785244890}{1.623751785244890})({1.623751785244890}{1.623751785244890}{1.623751785244890})({1.623751785244890}{1.623751785244890}{1.623751785244890})({1.623751785244890}{1.623751785244890}{1.623751785244890})({1.623751785244890}{1.623751785244890}{1.623751785244890})({1.623751785244890}{1.623751785244890}{1.623751785244890})({1.623751785244890}{1.623751785244890}{1.623751785244890})({1.623751785244890}{1.623751785244890}{1.623751785244890})({1.693461117231740}{1.693461117231740}{1.693461117231740})({1.693461117231740}{1.693461117231740}{1.693461117231740})({1.693461117231740}{1.693461117231740}{1.693461117231740})({1.693461117231740}{1.693461117231740}{1.693461117231740})({1.693461117231740}{1.693461117231740}{1.693461117231740})({1.693461117231740}{1.693461117231740}{1.693461117231740})({1.693461117231740}{1.693461117231740}{1.693461117231740})({1.693461117231740}{1.693461117231740}{1.693461117231740})({1.693461117231740}{1.693461117231740}{1.693461117231740})({1.693461117231740}{1.693461117231740}{1.693461117231740})({1.693461117231740}{1.693461117231740}{1.693461117231740})({1.693461117231740}{1.693461117231740}{1.693461117231740})({1.761986959435830}{1.761986959435830}{1.761986959435830})({1.761986959435830}{1.761986959435830}{1.761986959435830})({1.761986959435830}{1.761986959435830}{1.761986959435830})({1.761986959435830}{1.761986959435830}{1.761986959435830})({1.761986959435830}{1.761986959435830}{1.761986959435830})({1.761986959435830}{1.761986959435830}{1.761986959435830})({1.761986959435830}{1.761986959435830}{1.761986959435830})({1.761986959435830}{1.761986959435830}{1.761986959435830})({1.761986959435830}{1.761986959435830}{1.761986959435830})({1.761986959435830}{1.761986959435830}{1.761986959435830})({1.761986959435830}{1.761986959435830}{1.761986959435830})({1.761986959435830}{1.761986959435830}{1.761986959435830})({1.833051511713060}{1.833051511713060}{1.833051511713060})({1.833051511713060}{1.833051511713060}{1.833051511713060})({1.833051511713060}{1.833051511713060}{1.833051511713060})({1.833051511713060}{1.833051511713060}{1.833051511713060})({1.833051511713060}{1.833051511713060}{1.833051511713060})({1.833051511713060}{1.833051511713060}{1.833051511713060})({1.833051511713060}{1.833051511713060}{1.833051511713060})({1.833051511713060}{1.833051511713060}{1.833051511713060})({1.833051511713060}{1.833051511713060}{1.833051511713060})({1.833051511713060}{1.833051511713060}{1.833051511713060})({1.833051511713060}{1.833051511713060}{1.833051511713060})({1.833051511713060}{1.833051511713060}{1.833051511713060})({1.915001078519790}{1.915001078519790}{1.915001078519790})({1.915001078519790}{1.915001078519790}{1.915001078519790})({1.915001078519790}{1.915001078519790}{1.915001078519790})({1.915001078519790}{1.915001078519790}{1.915001078519790})({1.915001078519790}{1.915001078519790}{1.915001078519790})({1.915001078519790}{1.915001078519790}{1.915001078519790})({1.915001078519790}{1.915001078519790}{1.915001078519790})({1.915001078519790}{1.915001078519790}{1.915001078519790})({1.915001078519790}{1.915001078519790}{1.915001078519790})({1.915001078519790}{1.915001078519790}{1.915001078519790})({1.915001078519790}{1.915001078519790}{1.915001078519790})({1.915001078519790}{1.915001078519790}{1.915001078519790})({1.995127164787310}{1.995127164787310}{1.995127164787310})({1.995127164787310}{1.995127164787310}{1.995127164787310})({1.995127164787310}{1.995127164787310}{1.995127164787310})({1.995127164787310}{1.995127164787310}{1.995127164787310})({1.995127164787310}{1.995127164787310}{1.995127164787310})({1.995127164787310}{1.995127164787310}{1.995127164787310})({1.995127164787310}{1.995127164787310}{1.995127164787310})({1.995127164787310}{1.995127164787310}{1.995127164787310})({1.995127164787310}{1.995127164787310}{1.995127164787310})({1.995127164787310}{1.995127164787310}{1.995127164787310})({1.995127164787310}{1.995127164787310}{1.995127164787310})({1.995127164787310}{1.995127164787310}{1.995127164787310})({2.074016861199380}{2.074016861199380}{2.074016861199380})({2.074016861199380}{2.074016861199380}{2.074016861199380})({2.074016861199380}{2.074016861199380}{2.074016861199380})({2.074016861199380}{2.074016861199380}{2.074016861199380})({2.074016861199380}{2.074016861199380}{2.074016861199380})({2.074016861199380}{2.074016861199380}{2.074016861199380})({2.074016861199380}{2.074016861199380}{2.074016861199380})({2.074016861199380}{2.074016861199380}{2.074016861199380})({2.074016861199380}{2.074016861199380}{2.074016861199380})({2.074016861199380}{2.074016861199380}{2.074016861199380})({2.074016861199380}{2.074016861199380}{2.074016861199380})({2.074016861199380}{2.074016861199380}{2.074016861199380})({2.151336427993030}{2.151336427993030}{2.151336427993030})({2.151336427993030}{2.151336427993030}{2.151336427993030})({2.151336427993030}{2.151336427993030}{2.151336427993030})({2.151336427993030}{2.151336427993030}{2.151336427993030})({2.151336427993030}{2.151336427993030}{2.151336427993030})({2.151336427993030}{2.151336427993030}{2.151336427993030})({2.151336427993030}{2.151336427993030}{2.151336427993030})({2.151336427993030}{2.151336427993030}{2.151336427993030})({2.151336427993030}{2.151336427993030}{2.151336427993030})({2.151336427993030}{2.151336427993030}{2.151336427993030})({2.151336427993030}{2.151336427993030}{2.151336427993030})({2.151336427993030}{2.151336427993030}{2.151336427993030})({2.231140557542520}{2.231140557542520}{2.231140557542520})({2.231140557542520}{2.231140557542520}{2.231140557542520})({2.231140557542520}{2.231140557542520}{2.231140557542520})({2.231140557542520}{2.231140557542520}{2.231140557542520})({2.231140557542520}{2.231140557542520}{2.231140557542520})({2.231140557542520}{2.231140557542520}{2.231140557542520})({2.231140557542520}{2.231140557542520}{2.231140557542520})({2.231140557542520}{2.231140557542520}{2.231140557542520})({2.231140557542520}{2.231140557542520}{2.231140557542520})({2.231140557542520}{2.231140557542520}{2.231140557542520})({2.231140557542520}{2.231140557542520}{2.231140557542520})({2.231140557542520}{2.231140557542520}{2.231140557542520})({2.311353326054460}{2.311353326054460}{2.311353326054460})({2.311353326054460}{2.311353326054460}{2.311353326054460})({2.311353326054460}{2.311353326054460}{2.311353326054460})({2.311353326054460}{2.311353326054460}{2.311353326054460})({2.311353326054460}{2.311353326054460}{2.311353326054460})({2.311353326054460}{2.311353326054460}{2.311353326054460})({2.311353326054460}{2.311353326054460}{2.311353326054460})({2.311353326054460}{2.311353326054460}{2.311353326054460})({2.311353326054460}{2.311353326054460}{2.311353326054460})({2.311353326054460}{2.311353326054460}{2.311353326054460})({2.311353326054460}{2.311353326054460}{2.311353326054460})({2.311353326054460}{2.311353326054460}{2.311353326054460})({2.401596832023760}{2.401596832023760}{2.401596832023760})({2.401596832023760}{2.401596832023760}{2.401596832023760})({2.401596832023760}{2.401596832023760}{2.401596832023760})({2.401596832023760}{2.401596832023760}{2.401596832023760})({2.401596832023760}{2.401596832023760}{2.401596832023760})({2.401596832023760}{2.401596832023760}{2.401596832023760})({2.401596832023760}{2.401596832023760}{2.401596832023760})({2.401596832023760}{2.401596832023760}{2.401596832023760})({2.401596832023760}{2.401596832023760}{2.401596832023760})({2.401596832023760}{2.401596832023760}{2.401596832023760})({2.401596832023760}{2.401596832023760}{2.401596832023760})({2.401596832023760}{2.401596832023760}{2.401596832023760})({2.491128649467670}{2.491128649467670}{2.491128649467670})({2.491128649467670}{2.491128649467670}{2.491128649467670})({2.491128649467670}{2.491128649467670}{2.491128649467670})({2.491128649467670}{2.491128649467670}{2.491128649467670})({2.491128649467670}{2.491128649467670}{2.491128649467670})({2.491128649467670}{2.491128649467670}{2.491128649467670})({2.491128649467670}{2.491128649467670}{2.491128649467670})({2.491128649467670}{2.491128649467670}{2.491128649467670})({2.491128649467670}{2.491128649467670}{2.491128649467670})({2.491128649467670}{2.491128649467670}{2.491128649467670})({2.491128649467670}{2.491128649467670}{2.491128649467670})({2.491128649467670}{2.491128649467670}{2.491128649467670})({2.591973402650840}{2.591973402650840}{2.591973402650840})({2.591973402650840}{2.591973402650840}{2.591973402650840})({2.591973402650840}{2.591973402650840}{2.591973402650840})({2.591973402650840}{2.591973402650840}{2.591973402650840})({2.591973402650840}{2.591973402650840}{2.591973402650840})({2.591973402650840}{2.591973402650840}{2.591973402650840})({2.591973402650840}{2.591973402650840}{2.591973402650840})({2.591973402650840}{2.591973402650840}{2.591973402650840})({2.591973402650840}{2.591973402650840}{2.591973402650840})({2.591973402650840}{2.591973402650840}{2.591973402650840})({2.591973402650840}{2.591973402650840}{2.591973402650840})({2.591973402650840}{2.591973402650840}{2.591973402650840})({2.693297447353860}{2.693297447353860}{2.693297447353860})({2.693297447353860}{2.693297447353860}{2.693297447353860})({2.693297447353860}{2.693297447353860}{2.693297447353860})({2.693297447353860}{2.693297447353860}{2.693297447353860})({2.693297447353860}{2.693297447353860}{2.693297447353860})({2.693297447353860}{2.693297447353860}{2.693297447353860})({2.693297447353860}{2.693297447353860}{2.693297447353860})({2.693297447353860}{2.693297447353860}{2.693297447353860})({2.693297447353860}{2.693297447353860}{2.693297447353860})({2.693297447353860}{2.693297447353860}{2.693297447353860})({2.693297447353860}{2.693297447353860}{2.693297447353860})({2.693297447353860}{2.693297447353860}{2.693297447353860})({2.780685545580500}{2.780685545580500}{2.780685545580500})({2.780685545580500}{2.780685545580500}{2.780685545580500})({2.780685545580500}{2.780685545580500}{2.780685545580500})({2.780685545580500}{2.780685545580500}{2.780685545580500})({2.780685545580500}{2.780685545580500}{2.780685545580500})({2.780685545580500}{2.780685545580500}{2.780685545580500})({2.780685545580500}{2.780685545580500}{2.780685545580500})({2.780685545580500}{2.780685545580500}{2.780685545580500})({2.780685545580500}{2.780685545580500}{2.780685545580500})({2.780685545580500}{2.780685545580500}{2.780685545580500})({2.780685545580500}{2.780685545580500}{2.780685545580500})({2.780685545580500}{2.780685545580500}{2.780685545580500})({2.858271261637140}{2.858271261637140}{2.858271261637140})({2.858271261637140}{2.858271261637140}{2.858271261637140})({2.858271261637140}{2.858271261637140}{2.858271261637140})({2.858271261637140}{2.858271261637140}{2.858271261637140})({2.858271261637140}{2.858271261637140}{2.858271261637140})({2.858271261637140}{2.858271261637140}{2.858271261637140})({2.858271261637140}{2.858271261637140}{2.858271261637140})({2.858271261637140}{2.858271261637140}{2.858271261637140})({2.858271261637140}{2.858271261637140}{2.858271261637140})({2.858271261637140}{2.858271261637140}{2.858271261637140})({2.858271261637140}{2.858271261637140}{2.858271261637140})({2.858271261637140}{2.858271261637140}{2.858271261637140})({2.933245829356420}{2.933245829356420}{2.933245829356420})({2.933245829356420}{2.933245829356420}{2.933245829356420})({2.933245829356420}{2.933245829356420}{2.933245829356420})({2.933245829356420}{2.933245829356420}{2.933245829356420})({2.933245829356420}{2.933245829356420}{2.933245829356420})({2.933245829356420}{2.933245829356420}{2.933245829356420})({2.933245829356420}{2.933245829356420}{2.933245829356420})({2.933245829356420}{2.933245829356420}{2.933245829356420})({2.933245829356420}{2.933245829356420}{2.933245829356420})({2.933245829356420}{2.933245829356420}{2.933245829356420})({2.933245829356420}{2.933245829356420}{2.933245829356420})({2.933245829356420}{2.933245829356420}{2.933245829356420})({3.002580869636200}{3.002580869636200}{3.002580869636200})({3.002580869636200}{3.002580869636200}{3.002580869636200})({3.002580869636200}{3.002580869636200}{3.002580869636200})({3.002580869636200}{3.002580869636200}{3.002580869636200})({3.002580869636200}{3.002580869636200}{3.002580869636200})({3.002580869636200}{3.002580869636200}{3.002580869636200})({3.002580869636200}{3.002580869636200}{3.002580869636200})({3.002580869636200}{3.002580869636200}{3.002580869636200})({3.002580869636200}{3.002580869636200}{3.002580869636200})({3.002580869636200}{3.002580869636200}{3.002580869636200})({3.002580869636200}{3.002580869636200}{3.002580869636200})({3.002580869636200}{3.002580869636200}{3.002580869636200})({3.077860876431530}{3.077860876431530}{3.077860876431530})({3.077860876431530}{3.077860876431530}{3.077860876431530})({3.077860876431530}{3.077860876431530}{3.077860876431530})({3.077860876431530}{3.077860876431530}{3.077860876431530})({3.077860876431530}{3.077860876431530}{3.077860876431530})({3.077860876431530}{3.077860876431530}{3.077860876431530})({3.077860876431530}{3.077860876431530}{3.077860876431530})({3.077860876431530}{3.077860876431530}{3.077860876431530})({3.077860876431530}{3.077860876431530}{3.077860876431530})({3.077860876431530}{3.077860876431530}{3.077860876431530})({3.077860876431530}{3.077860876431530}{3.077860876431530})({3.077860876431530}{3.077860876431530}{3.077860876431530})','2011-07-02 17:21:15','0000-00-00 00:00:00'),
	(45,'2011-05-13 00:00:00','2011-03-01 00:00:00','({40633.00}{40633.00}{40633.00})({40663.00}{40663.00}{40663.00})({40694.00}{40694.00}{40694.00})({40724.00}{40724.00}{40724.00})({40755.00}{40755.00}{40755.00})({40786.00}{40786.00}{40786.00})({40816.00}{40816.00}{40816.00})({40847.00}{40847.00}{40847.00})({40877.00}{40877.00}{40877.00})({40908.00}{40908.00}{40908.00})({40939.00}{40939.00}{40939.00})({40968.00}{40968.00}{40968.00})({40999.00}{40999.00}{40999.00})({41029.00}{41029.00}{41029.00})({41060.00}{41060.00}{41060.00})({41090.00}{41090.00}{41090.00})({41121.00}{41121.00}{41121.00})({41152.00}{41152.00}{41152.00})({41182.00}{41182.00}{41182.00})({41213.00}{41213.00}{41213.00})({41243.00}{41243.00}{41243.00})({41274.00}{41274.00}{41274.00})({41305.00}{41305.00}{41305.00})({41333.00}{41333.00}{41333.00})({41364.00}{41364.00}{41364.00})({41394.00}{41394.00}{41394.00})({41425.00}{41425.00}{41425.00})({41455.00}{41455.00}{41455.00})({41486.00}{41486.00}{41486.00})({41517.00}{41517.00}{41517.00})({41547.00}{41547.00}{41547.00})({41578.00}{41578.00}{41578.00})({41608.00}{41608.00}{41608.00})({41639.00}{41639.00}{41639.00})({41670.00}{41670.00}{41670.00})({41698.00}{41698.00}{41698.00})({41729.00}{41729.00}{41729.00})({41759.00}{41759.00}{41759.00})({41790.00}{41790.00}{41790.00})({41820.00}{41820.00}{41820.00})({41851.00}{41851.00}{41851.00})({41882.00}{41882.00}{41882.00})({41912.00}{41912.00}{41912.00})({41943.00}{41943.00}{41943.00})({41973.00}{41973.00}{41973.00})({42004.00}{42004.00}{42004.00})({42035.00}{42035.00}{42035.00})({42063.00}{42063.00}{42063.00})({42094.00}{42094.00}{42094.00})({42124.00}{42124.00}{42124.00})({42155.00}{42155.00}{42155.00})({42185.00}{42185.00}{42185.00})({42216.00}{42216.00}{42216.00})({42247.00}{42247.00}{42247.00})({42277.00}{42277.00}{42277.00})({42308.00}{42308.00}{42308.00})({42338.00}{42338.00}{42338.00})({42369.00}{42369.00}{42369.00})({42400.00}{42400.00}{42400.00})({42429.00}{42429.00}{42429.00})({42460.00}{42460.00}{42460.00})({42490.00}{42490.00}{42490.00})({42521.00}{42521.00}{42521.00})({42551.00}{42551.00}{42551.00})({42582.00}{42582.00}{42582.00})({42613.00}{42613.00}{42613.00})({42643.00}{42643.00}{42643.00})({42674.00}{42674.00}{42674.00})({42704.00}{42704.00}{42704.00})({42735.00}{42735.00}{42735.00})({42766.00}{42766.00}{42766.00})({42794.00}{42794.00}{42794.00})({42825.00}{42825.00}{42825.00})({42855.00}{42855.00}{42855.00})({42886.00}{42886.00}{42886.00})({42916.00}{42916.00}{42916.00})({42947.00}{42947.00}{42947.00})({42978.00}{42978.00}{42978.00})({43008.00}{43008.00}{43008.00})({43039.00}{43039.00}{43039.00})({43069.00}{43069.00}{43069.00})({43100.00}{43100.00}{43100.00})({43131.00}{43131.00}{43131.00})({43159.00}{43159.00}{43159.00})({43190.00}{43190.00}{43190.00})({43220.00}{43220.00}{43220.00})({43251.00}{43251.00}{43251.00})({43281.00}{43281.00}{43281.00})({43312.00}{43312.00}{43312.00})({43343.00}{43343.00}{43343.00})({43373.00}{43373.00}{43373.00})({43404.00}{43404.00}{43404.00})({43434.00}{43434.00}{43434.00})({43465.00}{43465.00}{43465.00})({43496.00}{43496.00}{43496.00})({43524.00}{43524.00}{43524.00})({43555.00}{43555.00}{43555.00})({43585.00}{43585.00}{43585.00})({43616.00}{43616.00}{43616.00})({43646.00}{43646.00}{43646.00})({43677.00}{43677.00}{43677.00})({43708.00}{43708.00}{43708.00})({43738.00}{43738.00}{43738.00})({43769.00}{43769.00}{43769.00})({43799.00}{43799.00}{43799.00})({43830.00}{43830.00}{43830.00})({43861.00}{43861.00}{43861.00})({43890.00}{43890.00}{43890.00})({43921.00}{43921.00}{43921.00})({43951.00}{43951.00}{43951.00})({43982.00}{43982.00}{43982.00})({44012.00}{44012.00}{44012.00})({44043.00}{44043.00}{44043.00})({44074.00}{44074.00}{44074.00})({44104.00}{44104.00}{44104.00})({44135.00}{44135.00}{44135.00})({44165.00}{44165.00}{44165.00})({44196.00}{44196.00}{44196.00})({44227.00}{44227.00}{44227.00})({44255.00}{44255.00}{44255.00})({44286.00}{44286.00}{44286.00})({44316.00}{44316.00}{44316.00})({44347.00}{44347.00}{44347.00})({44377.00}{44377.00}{44377.00})({44408.00}{44408.00}{44408.00})({44439.00}{44439.00}{44439.00})({44469.00}{44469.00}{44469.00})({44500.00}{44500.00}{44500.00})({44530.00}{44530.00}{44530.00})({44561.00}{44561.00}{44561.00})({44592.00}{44592.00}{44592.00})({44620.00}{44620.00}{44620.00})({44651.00}{44651.00}{44651.00})({44681.00}{44681.00}{44681.00})({44712.00}{44712.00}{44712.00})({44742.00}{44742.00}{44742.00})({44773.00}{44773.00}{44773.00})({44804.00}{44804.00}{44804.00})({44834.00}{44834.00}{44834.00})({44865.00}{44865.00}{44865.00})({44895.00}{44895.00}{44895.00})({44926.00}{44926.00}{44926.00})({44957.00}{44957.00}{44957.00})({44985.00}{44985.00}{44985.00})({45016.00}{45016.00}{45016.00})({45046.00}{45046.00}{45046.00})({45077.00}{45077.00}{45077.00})({45107.00}{45107.00}{45107.00})({45138.00}{45138.00}{45138.00})({45169.00}{45169.00}{45169.00})({45199.00}{45199.00}{45199.00})({45230.00}{45230.00}{45230.00})({45260.00}{45260.00}{45260.00})({45291.00}{45291.00}{45291.00})({45322.00}{45322.00}{45322.00})({45351.00}{45351.00}{45351.00})({45382.00}{45382.00}{45382.00})({45412.00}{45412.00}{45412.00})({45443.00}{45443.00}{45443.00})({45473.00}{45473.00}{45473.00})({45504.00}{45504.00}{45504.00})({45535.00}{45535.00}{45535.00})({45565.00}{45565.00}{45565.00})({45596.00}{45596.00}{45596.00})({45626.00}{45626.00}{45626.00})({45657.00}{45657.00}{45657.00})({45688.00}{45688.00}{45688.00})({45716.00}{45716.00}{45716.00})({45747.00}{45747.00}{45747.00})({45777.00}{45777.00}{45777.00})({45808.00}{45808.00}{45808.00})({45838.00}{45838.00}{45838.00})({45869.00}{45869.00}{45869.00})({45900.00}{45900.00}{45900.00})({45930.00}{45930.00}{45930.00})({45961.00}{45961.00}{45961.00})({45991.00}{45991.00}{45991.00})({46022.00}{46022.00}{46022.00})({46053.00}{46053.00}{46053.00})({46081.00}{46081.00}{46081.00})({46112.00}{46112.00}{46112.00})({46142.00}{46142.00}{46142.00})({46173.00}{46173.00}{46173.00})({46203.00}{46203.00}{46203.00})({46234.00}{46234.00}{46234.00})({46265.00}{46265.00}{46265.00})({46295.00}{46295.00}{46295.00})({46326.00}{46326.00}{46326.00})({46356.00}{46356.00}{46356.00})({46387.00}{46387.00}{46387.00})({46418.00}{46418.00}{46418.00})({46446.00}{46446.00}{46446.00})({46477.00}{46477.00}{46477.00})({46507.00}{46507.00}{46507.00})({46538.00}{46538.00}{46538.00})({46568.00}{46568.00}{46568.00})({46599.00}{46599.00}{46599.00})({46630.00}{46630.00}{46630.00})({46660.00}{46660.00}{46660.00})({46691.00}{46691.00}{46691.00})({46721.00}{46721.00}{46721.00})({46752.00}{46752.00}{46752.00})({46783.00}{46783.00}{46783.00})({46812.00}{46812.00}{46812.00})({46843.00}{46843.00}{46843.00})({46873.00}{46873.00}{46873.00})({46904.00}{46904.00}{46904.00})({46934.00}{46934.00}{46934.00})({46965.00}{46965.00}{46965.00})({46996.00}{46996.00}{46996.00})({47026.00}{47026.00}{47026.00})({47057.00}{47057.00}{47057.00})({47087.00}{47087.00}{47087.00})({47118.00}{47118.00}{47118.00})({47149.00}{47149.00}{47149.00})({47177.00}{47177.00}{47177.00})({47208.00}{47208.00}{47208.00})({47238.00}{47238.00}{47238.00})({47269.00}{47269.00}{47269.00})({47299.00}{47299.00}{47299.00})({47330.00}{47330.00}{47330.00})({47361.00}{47361.00}{47361.00})({47391.00}{47391.00}{47391.00})({47422.00}{47422.00}{47422.00})({47452.00}{47452.00}{47452.00})({47483.00}{47483.00}{47483.00})({47514.00}{47514.00}{47514.00})({47542.00}{47542.00}{47542.00})({47573.00}{47573.00}{47573.00})({47603.00}{47603.00}{47603.00})({47634.00}{47634.00}{47634.00})({47664.00}{47664.00}{47664.00})({47695.00}{47695.00}{47695.00})({47726.00}{47726.00}{47726.00})({47756.00}{47756.00}{47756.00})({47787.00}{47787.00}{47787.00})({47817.00}{47817.00}{47817.00})({47848.00}{47848.00}{47848.00})({47879.00}{47879.00}{47879.00})({47907.00}{47907.00}{47907.00})({47938.00}{47938.00}{47938.00})({47968.00}{47968.00}{47968.00})({47999.00}{47999.00}{47999.00})({48029.00}{48029.00}{48029.00})({48060.00}{48060.00}{48060.00})({48091.00}{48091.00}{48091.00})({48121.00}{48121.00}{48121.00})({48152.00}{48152.00}{48152.00})({48182.00}{48182.00}{48182.00})({48213.00}{48213.00}{48213.00})({48244.00}{48244.00}{48244.00})({48273.00}{48273.00}{48273.00})({48304.00}{48304.00}{48304.00})({48334.00}{48334.00}{48334.00})({48365.00}{48365.00}{48365.00})({48395.00}{48395.00}{48395.00})({48426.00}{48426.00}{48426.00})({48457.00}{48457.00}{48457.00})({48487.00}{48487.00}{48487.00})({48518.00}{48518.00}{48518.00})({48548.00}{48548.00}{48548.00})({48579.00}{48579.00}{48579.00})({48610.00}{48610.00}{48610.00})({48638.00}{48638.00}{48638.00})({48669.00}{48669.00}{48669.00})({48699.00}{48699.00}{48699.00})({48730.00}{48730.00}{48730.00})({48760.00}{48760.00}{48760.00})({48791.00}{48791.00}{48791.00})({48822.00}{48822.00}{48822.00})({48852.00}{48852.00}{48852.00})({48883.00}{48883.00}{48883.00})({48913.00}{48913.00}{48913.00})({48944.00}{48944.00}{48944.00})({48975.00}{48975.00}{48975.00})({49003.00}{49003.00}{49003.00})({49034.00}{49034.00}{49034.00})({49064.00}{49064.00}{49064.00})({49095.00}{49095.00}{49095.00})({49125.00}{49125.00}{49125.00})({49156.00}{49156.00}{49156.00})({49187.00}{49187.00}{49187.00})({49217.00}{49217.00}{49217.00})({49248.00}{49248.00}{49248.00})({49278.00}{49278.00}{49278.00})({49309.00}{49309.00}{49309.00})({49340.00}{49340.00}{49340.00})({49368.00}{49368.00}{49368.00})({49399.00}{49399.00}{49399.00})({49429.00}{49429.00}{49429.00})({49460.00}{49460.00}{49460.00})({49490.00}{49490.00}{49490.00})({49521.00}{49521.00}{49521.00})({49552.00}{49552.00}{49552.00})({49582.00}{49582.00}{49582.00})({49613.00}{49613.00}{49613.00})({49643.00}{49643.00}{49643.00})({49674.00}{49674.00}{49674.00})({49705.00}{49705.00}{49705.00})({49734.00}{49734.00}{49734.00})({49765.00}{49765.00}{49765.00})({49795.00}{49795.00}{49795.00})({49826.00}{49826.00}{49826.00})({49856.00}{49856.00}{49856.00})({49887.00}{49887.00}{49887.00})({49918.00}{49918.00}{49918.00})({49948.00}{49948.00}{49948.00})({49979.00}{49979.00}{49979.00})({50009.00}{50009.00}{50009.00})({50040.00}{50040.00}{50040.00})({50071.00}{50071.00}{50071.00})({50099.00}{50099.00}{50099.00})({50130.00}{50130.00}{50130.00})({50160.00}{50160.00}{50160.00})({50191.00}{50191.00}{50191.00})({50221.00}{50221.00}{50221.00})({50252.00}{50252.00}{50252.00})({50283.00}{50283.00}{50283.00})({50313.00}{50313.00}{50313.00})({50344.00}{50344.00}{50344.00})({50374.00}{50374.00}{50374.00})({50405.00}{50405.00}{50405.00})({50436.00}{50436.00}{50436.00})({50464.00}{50464.00}{50464.00})({50495.00}{50495.00}{50495.00})({50525.00}{50525.00}{50525.00})({50556.00}{50556.00}{50556.00})({50586.00}{50586.00}{50586.00})({50617.00}{50617.00}{50617.00})({50648.00}{50648.00}{50648.00})({50678.00}{50678.00}{50678.00})({50709.00}{50709.00}{50709.00})({50739.00}{50739.00}{50739.00})({50770.00}{50770.00}{50770.00})({50801.00}{50801.00}{50801.00})({50829.00}{50829.00}{50829.00})({50860.00}{50860.00}{50860.00})({50890.00}{50890.00}{50890.00})({50921.00}{50921.00}{50921.00})({50951.00}{50951.00}{50951.00})({50982.00}{50982.00}{50982.00})({51013.00}{51013.00}{51013.00})({51043.00}{51043.00}{51043.00})({51074.00}{51074.00}{51074.00})({51104.00}{51104.00}{51104.00})({51135.00}{51135.00}{51135.00})({51166.00}{51166.00}{51166.00})({51195.00}{51195.00}{51195.00})({51226.00}{51226.00}{51226.00})({51256.00}{51256.00}{51256.00})({51287.00}{51287.00}{51287.00})({51317.00}{51317.00}{51317.00})({51348.00}{51348.00}{51348.00})({51379.00}{51379.00}{51379.00})({51409.00}{51409.00}{51409.00})({51440.00}{51440.00}{51440.00})({51470.00}{51470.00}{51470.00})({51501.00}{51501.00}{51501.00})({51532.00}{51532.00}{51532.00})({51560.00}{51560.00}{51560.00})','({0.995950948194911}{0.995950948194911}{0.995950948194911})({0.991782898750378}{0.991782898750378}{0.991782898750378})({0.987439814235447}{0.987439814235447}{0.987439814235447})({0.983296919351395}{0.983296919351395}{0.983296919351395})({0.979038449801001}{0.979038449801001}{0.979038449801001})({0.974709977919451}{0.974709977919451}{0.974709977919451})({0.970479369874072}{0.970479369874072}{0.970479369874072})({0.966056997222338}{0.966056997222338}{0.966056997222338})({0.961712368498498}{0.961712368498498}{0.961712368498498})({0.957147447884315}{0.957147447884315}{0.957147447884315})({0.952496654516916}{0.952496654516916}{0.952496654516916})({0.948047577987132}{0.948047577987132}{0.948047577987132})({0.943177657564444}{0.943177657564444}{0.943177657564444})({0.938373480564094}{0.938373480564094}{0.938373480564094})({0.933326298572313}{0.933326298572313}{0.933326298572313})({0.928349247272946}{0.928349247272946}{0.928349247272946})({0.923121078621640}{0.923121078621640}{0.923121078621640})({0.917810995551140}{0.917810995551140}{0.917810995551140})({0.912591378909875}{0.912591378909875}{0.912591378909875})({0.907120671618498}{0.907120671618498}{0.907120671618498})({0.901752069861272}{0.901752069861272}{0.901752069861272})({0.896127749684119}{0.896127749684119}{0.896127749684119})({0.890453745756113}{0.890453745756113}{0.890453745756113})({0.885307720908083}{0.885307720908083}{0.885307720908083})({0.879580609176335}{0.879580609176335}{0.879580609176335})({0.874010720165095}{0.874010720165095}{0.874010720165095})({0.868232280635398}{0.868232280635398}{0.868232280635398})({0.862620447264972}{0.862620447264972}{0.862620447264972})({0.856807926365941}{0.856807926365941}{0.856807926365941})({0.850985465800023}{0.850985465800023}{0.850985465800023})({0.845344015156174}{0.845344015156174}{0.845344015156174})({0.839513414520772}{0.839513414520772}{0.839513414520772})({0.833873735887493}{0.833873735887493}{0.833873735887493})({0.828052079800382}{0.828052079800382}{0.828052079800382})({0.822241775704819}{0.822241775704819}{0.822241775704819})({0.817009187872232}{0.817009187872232}{0.817009187872232})({0.811242616481688}{0.811242616481688}{0.811242616481688})({0.805692685990009}{0.805692685990009}{0.805692685990009})({0.799986152213014}{0.799986152213014}{0.799986152213014})({0.794490530550948}{0.794490530550948}{0.794490530550948})({0.788839572691105}{0.788839572691105}{0.788839572691105})({0.783214494920618}{0.783214494920618}{0.783214494920618})({0.777793556715283}{0.777793556715283}{0.777793556715283})({0.772213831660758}{0.772213831660758}{0.772213831660758})({0.766830463928410}{0.766830463928410}{0.766830463928410})({0.761284159684561}{0.761284159684561}{0.761284159684561})({0.755749793706051}{0.755749793706051}{0.755749793706051})({0.750764827932837}{0.750764827932837}{0.750764827932837})({0.745277791599720}{0.745277791599720}{0.745277791599720})({0.740003532140450}{0.740003532140450}{0.740003532140450})({0.734584822009612}{0.734584822009612}{0.734584822009612})({0.729374714723708}{0.729374714723708}{0.729374714723708})({0.724024039593620}{0.724024039593620}{0.724024039593620})({0.718703302802617}{0.718703302802617}{0.718703302802617})({0.713583683982504}{0.713583683982504}{0.713583683982504})({0.708321752821224}{0.708321752821224}{0.708321752821224})({0.703254461535027}{0.703254461535027}{0.703254461535027})({0.698043667445652}{0.698043667445652}{0.698043667445652})({0.692854528546445}{0.692854528546445}{0.692854528546445})({0.688023435679723}{0.688023435679723}{0.688023435679723})({0.682892933673889}{0.682892933673889}{0.682892933673889})({0.677962239276330}{0.677962239276330}{0.677962239276330})({0.672900409647112}{0.672900409647112}{0.672900409647112})({0.668035582632895}{0.668035582632895}{0.668035582632895})({0.663042303081539}{0.663042303081539}{0.663042303081539})({0.658082837556098}{0.658082837556098}{0.658082837556098})({0.653315425371317}{0.653315425371317}{0.653315425371317})({0.648420118240741}{0.648420118240741}{0.648420118240741})({0.643713600827912}{0.643713600827912}{0.643713600827912})({0.638881247217593}{0.638881247217593}{0.638881247217593})({0.634078390275077}{0.634078390275077}{0.634078390275077})({0.629768248819946}{0.629768248819946}{0.629768248819946})({0.625032562169081}{0.625032562169081}{0.625032562169081})({0.620484200334729}{0.620484200334729}{0.620484200334729})({0.615820617064664}{0.615820617064664}{0.615820617064664})({0.611342656354199}{0.611342656354199}{0.611342656354199})({0.606749447353604}{0.606749447353604}{0.606749447353604})({0.602191727179658}{0.602191727179658}{0.602191727179658})({0.597813817145829}{0.597813817145829}{0.597813817145829})({0.593322509080252}{0.593322509080252}{0.593322509080252})({0.589007449950619}{0.589007449950619}{0.589007449950619})({0.584580150567661}{0.584580150567661}{0.584580150567661})({0.580183606115396}{0.580183606115396}{0.580183606115396})({0.576240060901363}{0.576240060901363}{0.576240060901363})({0.571908112682557}{0.571908112682557}{0.571908112682557})({0.567748817697192}{0.567748817697192}{0.567748817697192})({0.563485603168057}{0.563485603168057}{0.563485603168057})({0.559393657394488}{0.559393657394488}{0.559393657394488})({0.555199084504349}{0.555199084504349}{0.555199084504349})({0.551039695554077}{0.551039695554077}{0.551039695554077})({0.547046328764660}{0.547046328764660}{0.547046328764660})({0.542953815259083}{0.542953815259083}{0.542953815259083})({0.539025782934815}{0.539025782934815}{0.539025782934815})({0.534999163060412}{0.534999163060412}{0.534999163060412})({0.531005760846890}{0.531005760846890}{0.531005760846890})({0.527427773132702}{0.527427773132702}{0.527427773132702})({0.523499681795586}{0.523499681795586}{0.523499681795586})({0.519731663143177}{0.519731663143177}{0.519731663143177})({0.515872248081766}{0.515872248081766}{0.515872248081766})({0.512169705961543}{0.512169705961543}{0.512169705961543})({0.508378020844023}{0.508378020844023}{0.508378020844023})({0.504620719728531}{0.504620719728531}{0.504620719728531})({0.501016671970003}{0.501016671970003}{0.501016671970003})({0.497326061722980}{0.497326061722980}{0.497326061722980})({0.493786693365931}{0.493786693365931}{0.493786693365931})({0.490162071281696}{0.490162071281696}{0.490162071281696})({0.486570848314934}{0.486570848314934}{0.486570848314934})({0.483241573804472}{0.483241573804472}{0.483241573804472})({0.479716880249058}{0.479716880249058}{0.479716880249058})({0.476339847033731}{0.476339847033731}{0.476339847033731})({0.472882844324411}{0.472882844324411}{0.472882844324411})({0.469570163994690}{0.469570163994690}{0.469570163994690})({0.466180204087171}{0.466180204087171}{0.466180204087171})({0.462822228472635}{0.462822228472635}{0.462822228472635})({0.459603568075490}{0.459603568075490}{0.459603568075490})({0.456308901536601}{0.456308901536601}{0.456308901536601})({0.453149709739253}{0.453149709739253}{0.453149709739253})({0.449915840619727}{0.449915840619727}{0.449915840619727})({0.446710976955706}{0.446710976955706}{0.446710976955706})({0.443843893827472}{0.443843893827472}{0.443843893827472})({0.440705302437443}{0.440705302437443}{0.440705302437443})({0.437703556296134}{0.437703556296134}{0.437703556296134})({0.434636181922459}{0.434636181922459}{0.434636181922459})({0.431701481274086}{0.431701481274086}{0.431701481274086})({0.428702551939601}{0.428702551939601}{0.428702551939601})({0.425736080305049}{0.425736080305049}{0.425736080305049})({0.422895819177715}{0.422895819177715}{0.422895819177715})({0.419991199527785}{0.419991199527785}{0.419991199527785})({0.417208590242023}{0.417208590242023}{0.417208590242023})({0.414361683920372}{0.414361683920372}{0.414361683920372})({0.411541931869828}{0.411541931869828}{0.411541931869828})({0.409018104744024}{0.409018104744024}{0.409018104744024})({0.406248199642988}{0.406248199642988}{0.406248199642988})({0.403591090717137}{0.403591090717137}{0.403591090717137})({0.400868127123202}{0.400868127123202}{0.400868127123202})({0.398254416553778}{0.398254416553778}{0.398254416553778})({0.395574479978544}{0.395574479978544}{0.395574479978544})({0.392914636374729}{0.392914636374729}{0.392914636374729})({0.390358779175889}{0.390358779175889}{0.390358779175889})({0.387735366895873}{0.387735366895873}{0.387735366895873})({0.385212650755202}{0.385212650755202}{0.385212650755202})({0.382621269459598}{0.382621269459598}{0.382621269459598})({0.380044768383077}{0.380044768383077}{0.380044768383077})({0.377731566965376}{0.377731566965376}{0.377731566965376})({0.375191880084473}{0.375191880084473}{0.375191880084473})({0.372755233242833}{0.372755233242833}{0.372755233242833})({0.370259153377261}{0.370259153377261}{0.370259153377261})({0.367864559568926}{0.367864559568926}{0.367864559568926})({0.365411132270603}{0.365411132270603}{0.365411132270603})({0.362979065222028}{0.362979065222028}{0.362979065222028})({0.360645437187064}{0.360645437187064}{0.360645437187064})({0.358254275470793}{0.358254275470793}{0.358254275470793})({0.355959740507886}{0.355959740507886}{0.355959740507886})({0.353608501827937}{0.353608501827937}{0.353608501827937})({0.351276998716542}{0.351276998716542}{0.351276998716542})({0.349113622674914}{0.349113622674914}{0.349113622674914})({0.346819680568841}{0.346819680568841}{0.346819680568841})({0.344617763580855}{0.344617763580855}{0.344617763580855})({0.342360847716967}{0.342360847716967}{0.342360847716967})({0.340194104374171}{0.340194104374171}{0.340194104374171})({0.337973063260291}{0.337973063260291}{0.337973063260291})({0.335769807199663}{0.335769807199663}{0.335769807199663})({0.333654232677208}{0.333654232677208}{0.333654232677208})({0.331485147043245}{0.331485147043245}{0.331485147043245})({0.329402201184447}{0.329402201184447}{0.329402201184447})({0.327266213242146}{0.327266213242146}{0.327266213242146})({0.325146574977505}{0.325146574977505}{0.325146574977505})({0.323245912180246}{0.323245912180246}{0.323245912180246})({0.321156667763042}{0.321156667763042}{0.321156667763042})({0.319149638431532}{0.319149638431532}{0.319149638431532})({0.317090777545114}{0.317090777545114}{0.317090777545114})({0.315112583856431}{0.315112583856431}{0.315112583856431})({0.313082974553907}{0.313082974553907}{0.313082974553907})({0.311067786957934}{0.311067786957934}{0.311067786957934})({0.309131140867100}{0.309131140867100}{0.309131140867100})({0.307143631017193}{0.307143631017193}{0.307143631017193})({0.305233195425509}{0.305233195425509}{0.305233195425509})({0.303272269413027}{0.303272269413027}{0.303272269413027})({0.301324429899512}{0.301324429899512}{0.301324429899512})({0.299576458976643}{0.299576458976643}{0.299576458976643})({0.297654649615942}{0.297654649615942}{0.297654649615942})({0.295808374129901}{0.295808374129901}{0.295808374129901})({0.293914372522224}{0.293914372522224}{0.293914372522224})({0.292094833012624}{0.292094833012624}{0.292094833012624})({0.290228352448980}{0.290228352448980}{0.290228352448980})({0.288375687309260}{0.288375687309260}{0.288375687309260})({0.286595902175943}{0.286595902175943}{0.286595902175943})({0.284770270707890}{0.284770270707890}{0.284770270707890})({0.283016425217298}{0.283016425217298}{0.283016425217298})({0.281217507651400}{0.281217507651400}{0.281217507651400})({0.279431973835069}{0.279431973835069}{0.279431973835069})({0.277830747128549}{0.277830747128549}{0.277830747128549})({0.276070573493369}{0.276070573493369}{0.276070573493369})({0.274379832396488}{0.274379832396488}{0.274379832396488})({0.272645572156741}{0.272645572156741}{0.272645572156741})({0.270979739355755}{0.270979739355755}{0.270979739355755})({0.269271176930191}{0.269271176930191}{0.269271176930191})({0.267575525603303}{0.267575525603303}{0.267575525603303})({0.265946787566467}{0.265946787566467}{0.265946787566467})({0.264276305963078}{0.264276305963078}{0.264276305963078})({0.262671830883287}{0.262671830883287}{0.262671830883287})({0.261026313449018}{0.261026313449018}{0.261026313449018})({0.259393244441656}{0.259393244441656}{0.259393244441656})({0.257876915603638}{0.257876915603638}{0.257876915603638})({0.256268011257776}{0.256268011257776}{0.256268011257776})({0.254722734285649}{0.254722734285649}{0.254722734285649})({0.253138011277583}{0.253138011277583}{0.253138011277583})({0.251616070905036}{0.251616070905036}{0.251616070905036})({0.250055293983430}{0.250055293983430}{0.250055293983430})({0.248506591504983}{0.248506591504983}{0.248506591504983})({0.247019283977915}{0.247019283977915}{0.247019283977915})({0.245494089022939}{0.245494089022939}{0.245494089022939})({0.244029436893943}{0.244029436893943}{0.244029436893943})({0.242527565809001}{0.242527565809001}{0.242527565809001})({0.241037388439565}{0.241037388439565}{0.241037388439565})({0.239701437034687}{0.239701437034687}{0.239701437034687})({0.238233486845104}{0.238233486845104}{0.238233486845104})({0.236823791645312}{0.236823791645312}{0.236823791645312})({0.235378370276904}{0.235378370276904}{0.235378370276904})({0.233990501245206}{0.233990501245206}{0.233990501245206})({0.232567500859750}{0.232567500859750}{0.232567500859750})({0.231155828304398}{0.231155828304398}{0.231155828304398})({0.229800318349634}{0.229800318349634}{0.229800318349634})({0.228410630224241}{0.228410630224241}{0.228410630224241})({0.227076402923900}{0.227076402923900}{0.227076402923900})({0.225708479652507}{0.225708479652507}{0.225708479652507})({0.224351512300109}{0.224351512300109}{0.224351512300109})({0.223135279746249}{0.223135279746249}{0.223135279746249})({0.221799091388000}{0.221799091388000}{0.221799091388000})({0.220516263717222}{0.220516263717222}{0.220516263717222})({0.219201273821564}{0.219201273821564}{0.219201273821564})({0.217938830631517}{0.217938830631517}{0.217938830631517})({0.216644783239198}{0.216644783239198}{0.216644783239198})({0.215361313273317}{0.215361313273317}{0.215361313273317})({0.214129191115879}{0.214129191115879}{0.214129191115879})({0.212866337008644}{0.212866337008644}{0.212866337008644})({0.211654151234965}{0.211654151234965}{0.211654151234965})({0.210411666677946}{0.210411666677946}{0.210411666677946})({0.209179545625079}{0.209179545625079}{0.209179545625079})({0.208075223751936}{0.208075223751936}{0.208075223751936})({0.206861780512301}{0.206861780512301}{0.206861780512301})({0.205696588921982}{0.205696588921982}{0.205696588921982})({0.204501906147864}{0.204501906147864}{0.204501906147864})({0.203354678447692}{0.203354678447692}{0.203354678447692})({0.202178486278141}{0.202178486278141}{0.202178486278141})({0.201011572436127}{0.201011572436127}{0.201011572436127})({0.199891131057686}{0.199891131057686}{0.199891131057686})({0.198742429315090}{0.198742429315090}{0.198742429315090})({0.197639380580766}{0.197639380580766}{0.197639380580766})({0.196508557391442}{0.196508557391442}{0.196508557391442})({0.195386752593988}{0.195386752593988}{0.195386752593988})({0.194345398321261}{0.194345398321261}{0.194345398321261})({0.193240889113458}{0.193240889113458}{0.193240889113458})({0.192180457260791}{0.192180457260791}{0.192180457260791})({0.191093242175592}{0.191093242175592}{0.191093242175592})({0.190049494791798}{0.190049494791798}{0.190049494791798})({0.188979500882104}{0.188979500882104}{0.188979500882104})({0.187918142926097}{0.187918142926097}{0.187918142926097})({0.186899173497163}{0.186899173497163}{0.186899173497163})({0.185854630208380}{0.185854630208380}{0.185854630208380})({0.184851884112753}{0.184851884112753}{0.184851884112753})({0.183824006114975}{0.183824006114975}{0.183824006114975})({0.182804444085810}{0.182804444085810}{0.182804444085810})({0.181890720079648}{0.181890720079648}{0.181890720079648})({0.180886975397607}{0.180886975397607}{0.180886975397607})({0.179923475247147}{0.179923475247147}{0.179923475247147})({0.178935811789039}{0.178935811789039}{0.178935811789039})({0.177987769265799}{0.177987769265799}{0.177987769265799})({0.177016111769614}{0.177016111769614}{0.177016111769614})({0.176052442791694}{0.176052442791694}{0.176052442791694})({0.175127496428499}{0.175127496428499}{0.175127496428499})({0.174179441981946}{0.174179441981946}{0.174179441981946})({0.173269508783872}{0.173269508783872}{0.173269508783872})({0.172336972778306}{0.172336972778306}{0.172336972778306})({0.171412148781521}{0.171412148781521}{0.171412148781521})({0.170583483211407}{0.170583483211407}{0.170583483211407})({0.169673445400775}{0.169673445400775}{0.169673445400775})({0.168799928750511}{0.168799928750511}{0.168799928750511})({0.167904833571587}{0.167904833571587}{0.167904833571587})({0.167045833115445}{0.167045833115445}{0.167045833115445})({0.166165508268446}{0.166165508268446}{0.166165508268446})({0.165292661075001}{0.165292661075001}{0.165292661075001})({0.164455108202997}{0.164455108202997}{0.164455108202997})({0.163596828759595}{0.163596828759595}{0.163596828759595})({0.162773223054793}{0.162773223054793}{0.162773223054793})({0.161929354669519}{0.161929354669519}{0.161929354669519})({0.161092727817470}{0.161092727817470}{0.161092727817470})({0.160343224605809}{0.160343224605809}{0.160343224605809})({0.159520320147927}{0.159520320147927}{0.159520320147927})({0.158730684047036}{0.158730684047036}{0.158730684047036})({0.157921681042098}{0.157921681042098}{0.157921681042098})({0.157145523837809}{0.157145523837809}{0.157145523837809})({0.156350313647124}{0.156350313647124}{0.156350313647124})({0.155562162740608}{0.155562162740608}{0.155562162740608})({0.154805915719768}{0.154805915719768}{0.154805915719768})({0.154031275354713}{0.154031275354713}{0.154031275354713})({0.153288196698217}{0.153288196698217}{0.153288196698217})({0.152526967024913}{0.152526967024913}{0.152526967024913})({0.151772477544563}{0.151772477544563}{0.151772477544563})({0.151072798136559}{0.151072798136559}{0.151072798136559})({0.150331073134649}{0.150331073134649}{0.150331073134649})({0.149619469858751}{0.149619469858751}{0.149619469858751})({0.148890448638458}{0.148890448638458}{0.148890448638458})({0.148190978678168}{0.148190978678168}{0.148190978678168})({0.147474456395437}{0.147474456395437}{0.147474456395437})({0.146764194220450}{0.146764194220450}{0.146764194220450})({0.146082784126234}{0.146082784126234}{0.146082784126234})({0.145384796164563}{0.145384796164563}{0.145384796164563})({0.144715107353976}{0.144715107353976}{0.144715107353976})({0.144029180736203}{0.144029180736203}{0.144029180736203})({0.143349281356768}{0.143349281356768}{0.143349281356768})({0.142740368619194}{0.142740368619194}{0.142740368619194})({0.142071859103054}{0.142071859103054}{0.142071859103054})({0.141430694752191}{0.141430694752191}{0.141430694752191})({0.140773817606706}{0.140773817606706}{0.140773817606706})({0.140143788032687}{0.140143788032687}{0.140143788032687})({0.139498523771744}{0.139498523771744}{0.139498523771744})({0.138858927413878}{0.138858927413878}{0.138858927413878})({0.138245506372339}{0.138245506372339}{0.138245506372339})({0.137617252185864}{0.137617252185864}{0.137617252185864})({0.137014655949947}{0.137014655949947}{0.137014655949947})({0.136397564031003}{0.136397564031003}{0.136397564031003})({0.135785914672167}{0.135785914672167}{0.135785914672167})({0.135238324213107}{0.135238324213107}{0.135238324213107})({0.134637288990466}{0.134637288990466}{0.134637288990466})({0.134060927003855}{0.134060927003855}{0.134060927003855})({0.133470589914876}{0.133470589914876}{0.133470589914876})({0.132904525731151}{0.132904525731151}{0.132904525731151})({0.132324867626319}{0.132324867626319}{0.132324867626319})({0.131750510198955}{0.131750510198955}{0.131750510198955})({0.131199740666716}{0.131199740666716}{0.131199740666716})({0.130635804483584}{0.130635804483584}{0.130635804483584})({0.130095042412504}{0.130095042412504}{0.130095042412504})({0.129541412413794}{0.129541412413794}{0.129541412413794})({0.128992836103608}{0.128992836103608}{0.128992836103608})({0.128501830072256}{0.128501830072256}{0.128501830072256})({0.127963049153635}{0.127963049153635}{0.127963049153635})({0.127446529088956}{0.127446529088956}{0.127446529088956})({0.126917652636639}{0.126917652636639}{0.126917652636639})({0.126410607748727}{0.126410607748727}{0.126410607748727})({0.125891570753478}{0.125891570753478}{0.125891570753478})({0.125377483890386}{0.125377483890386}{0.125377483890386})({0.124884682107390}{0.124884682107390}{0.124884682107390})({0.124380186738777}{0.124380186738777}{0.124380186738777})({0.123896590070512}{0.123896590070512}{0.123896590070512})({0.123401686389639}{0.123401686389639}{0.123401686389639})({0.122911465941610}{0.122911465941610}{0.122911465941610})({0.122457214236185}{0.122457214236185}{0.122457214236185})({0.121976224799811}{0.121976224799811}{0.121976224799811})({0.121515200725145}{0.121515200725145}{0.121515200725145})({0.121043382197958}{0.121043382197958}{0.121043382197958})({0.120591207336103}{0.120591207336103}{0.120591207336103})({0.120128538819739}{0.120128538819739}{0.120128538819739})({0.119670403847463}{0.119670403847463}{0.119670403847463})({0.119231421747658}{0.119231421747658}{0.119231421747658})({0.118782255085813}{0.118782255085813}{0.118782255085813})({0.118351851699135}{0.118351851699135}{0.118351851699135})({0.117911518837126}{0.117911518837126}{0.117911518837126})({0.117475605592206}{0.117475605592206}{0.117475605592206})({0.116841818736209}{0.116841818736209}{0.116841818736209})','({1.000000000000000}{1.000000000000000}{1.000000000000000})({1.000000000000000}{1.000000000000000}{1.000000000000000})({1.000000000000000}{1.000000000000000}{1.000000000000000})({1.000000000000000}{1.000000000000000}{1.000000000000000})({1.000000000000000}{1.000000000000000}{1.000000000000000})({1.000000000000000}{1.000000000000000}{1.000000000000000})({1.000000000000000}{1.000000000000000}{1.000000000000000})({1.000000000000000}{1.000000000000000}{1.000000000000000})({1.000000000000000}{1.000000000000000}{1.000000000000000})({1.000000000000000}{1.000000000000000}{1.000000000000000})({1.000000000000000}{1.000000000000000}{1.000000000000000})({1.000000000000000}{1.000000000000000}{1.000000000000000})({1.053001504307680}{1.053001504307680}{1.053001504307680})({1.053001504307680}{1.053001504307680}{1.053001504307680})({1.053001504307680}{1.053001504307680}{1.053001504307680})({1.053001504307680}{1.053001504307680}{1.053001504307680})({1.053001504307680}{1.053001504307680}{1.053001504307680})({1.053001504307680}{1.053001504307680}{1.053001504307680})({1.053001504307680}{1.053001504307680}{1.053001504307680})({1.053001504307680}{1.053001504307680}{1.053001504307680})({1.053001504307680}{1.053001504307680}{1.053001504307680})({1.053001504307680}{1.053001504307680}{1.053001504307680})({1.053001504307680}{1.053001504307680}{1.053001504307680})({1.053001504307680}{1.053001504307680}{1.053001504307680})({1.100089764689850}{1.100089764689850}{1.100089764689850})({1.100089764689850}{1.100089764689850}{1.100089764689850})({1.100089764689850}{1.100089764689850}{1.100089764689850})({1.100089764689850}{1.100089764689850}{1.100089764689850})({1.100089764689850}{1.100089764689850}{1.100089764689850})({1.100089764689850}{1.100089764689850}{1.100089764689850})({1.100089764689850}{1.100089764689850}{1.100089764689850})({1.100089764689850}{1.100089764689850}{1.100089764689850})({1.100089764689850}{1.100089764689850}{1.100089764689850})({1.100089764689850}{1.100089764689850}{1.100089764689850})({1.100089764689850}{1.100089764689850}{1.100089764689850})({1.100089764689850}{1.100089764689850}{1.100089764689850})({1.148217356359130}{1.148217356359130}{1.148217356359130})({1.148217356359130}{1.148217356359130}{1.148217356359130})({1.148217356359130}{1.148217356359130}{1.148217356359130})({1.148217356359130}{1.148217356359130}{1.148217356359130})({1.148217356359130}{1.148217356359130}{1.148217356359130})({1.148217356359130}{1.148217356359130}{1.148217356359130})({1.148217356359130}{1.148217356359130}{1.148217356359130})({1.148217356359130}{1.148217356359130}{1.148217356359130})({1.148217356359130}{1.148217356359130}{1.148217356359130})({1.148217356359130}{1.148217356359130}{1.148217356359130})({1.148217356359130}{1.148217356359130}{1.148217356359130})({1.148217356359130}{1.148217356359130}{1.148217356359130})({1.195513807440360}{1.195513807440360}{1.195513807440360})({1.195513807440360}{1.195513807440360}{1.195513807440360})({1.195513807440360}{1.195513807440360}{1.195513807440360})({1.195513807440360}{1.195513807440360}{1.195513807440360})({1.195513807440360}{1.195513807440360}{1.195513807440360})({1.195513807440360}{1.195513807440360}{1.195513807440360})({1.195513807440360}{1.195513807440360}{1.195513807440360})({1.195513807440360}{1.195513807440360}{1.195513807440360})({1.195513807440360}{1.195513807440360}{1.195513807440360})({1.195513807440360}{1.195513807440360}{1.195513807440360})({1.195513807440360}{1.195513807440360}{1.195513807440360})({1.195513807440360}{1.195513807440360}{1.195513807440360})({1.248275145324120}{1.248275145324120}{1.248275145324120})({1.248275145324120}{1.248275145324120}{1.248275145324120})({1.248275145324120}{1.248275145324120}{1.248275145324120})({1.248275145324120}{1.248275145324120}{1.248275145324120})({1.248275145324120}{1.248275145324120}{1.248275145324120})({1.248275145324120}{1.248275145324120}{1.248275145324120})({1.248275145324120}{1.248275145324120}{1.248275145324120})({1.248275145324120}{1.248275145324120}{1.248275145324120})({1.248275145324120}{1.248275145324120}{1.248275145324120})({1.248275145324120}{1.248275145324120}{1.248275145324120})({1.248275145324120}{1.248275145324120}{1.248275145324120})({1.248275145324120}{1.248275145324120}{1.248275145324120})({1.302845029278320}{1.302845029278320}{1.302845029278320})({1.302845029278320}{1.302845029278320}{1.302845029278320})({1.302845029278320}{1.302845029278320}{1.302845029278320})({1.302845029278320}{1.302845029278320}{1.302845029278320})({1.302845029278320}{1.302845029278320}{1.302845029278320})({1.302845029278320}{1.302845029278320}{1.302845029278320})({1.302845029278320}{1.302845029278320}{1.302845029278320})({1.302845029278320}{1.302845029278320}{1.302845029278320})({1.302845029278320}{1.302845029278320}{1.302845029278320})({1.302845029278320}{1.302845029278320}{1.302845029278320})({1.302845029278320}{1.302845029278320}{1.302845029278320})({1.302845029278320}{1.302845029278320}{1.302845029278320})({1.361986127784240}{1.361986127784240}{1.361986127784240})({1.361986127784240}{1.361986127784240}{1.361986127784240})({1.361986127784240}{1.361986127784240}{1.361986127784240})({1.361986127784240}{1.361986127784240}{1.361986127784240})({1.361986127784240}{1.361986127784240}{1.361986127784240})({1.361986127784240}{1.361986127784240}{1.361986127784240})({1.361986127784240}{1.361986127784240}{1.361986127784240})({1.361986127784240}{1.361986127784240}{1.361986127784240})({1.361986127784240}{1.361986127784240}{1.361986127784240})({1.361986127784240}{1.361986127784240}{1.361986127784240})({1.361986127784240}{1.361986127784240}{1.361986127784240})({1.361986127784240}{1.361986127784240}{1.361986127784240})({1.424923667560430}{1.424923667560430}{1.424923667560430})({1.424923667560430}{1.424923667560430}{1.424923667560430})({1.424923667560430}{1.424923667560430}{1.424923667560430})({1.424923667560430}{1.424923667560430}{1.424923667560430})({1.424923667560430}{1.424923667560430}{1.424923667560430})({1.424923667560430}{1.424923667560430}{1.424923667560430})({1.424923667560430}{1.424923667560430}{1.424923667560430})({1.424923667560430}{1.424923667560430}{1.424923667560430})({1.424923667560430}{1.424923667560430}{1.424923667560430})({1.424923667560430}{1.424923667560430}{1.424923667560430})({1.424923667560430}{1.424923667560430}{1.424923667560430})({1.424923667560430}{1.424923667560430}{1.424923667560430})({1.487419029523110}{1.487419029523110}{1.487419029523110})({1.487419029523110}{1.487419029523110}{1.487419029523110})({1.487419029523110}{1.487419029523110}{1.487419029523110})({1.487419029523110}{1.487419029523110}{1.487419029523110})({1.487419029523110}{1.487419029523110}{1.487419029523110})({1.487419029523110}{1.487419029523110}{1.487419029523110})({1.487419029523110}{1.487419029523110}{1.487419029523110})({1.487419029523110}{1.487419029523110}{1.487419029523110})({1.487419029523110}{1.487419029523110}{1.487419029523110})({1.487419029523110}{1.487419029523110}{1.487419029523110})({1.487419029523110}{1.487419029523110}{1.487419029523110})({1.487419029523110}{1.487419029523110}{1.487419029523110})({1.552391561125890}{1.552391561125890}{1.552391561125890})({1.552391561125890}{1.552391561125890}{1.552391561125890})({1.552391561125890}{1.552391561125890}{1.552391561125890})({1.552391561125890}{1.552391561125890}{1.552391561125890})({1.552391561125890}{1.552391561125890}{1.552391561125890})({1.552391561125890}{1.552391561125890}{1.552391561125890})({1.552391561125890}{1.552391561125890}{1.552391561125890})({1.552391561125890}{1.552391561125890}{1.552391561125890})({1.552391561125890}{1.552391561125890}{1.552391561125890})({1.552391561125890}{1.552391561125890}{1.552391561125890})({1.552391561125890}{1.552391561125890}{1.552391561125890})({1.552391561125890}{1.552391561125890}{1.552391561125890})({1.623751785244890}{1.623751785244890}{1.623751785244890})({1.623751785244890}{1.623751785244890}{1.623751785244890})({1.623751785244890}{1.623751785244890}{1.623751785244890})({1.623751785244890}{1.623751785244890}{1.623751785244890})({1.623751785244890}{1.623751785244890}{1.623751785244890})({1.623751785244890}{1.623751785244890}{1.623751785244890})({1.623751785244890}{1.623751785244890}{1.623751785244890})({1.623751785244890}{1.623751785244890}{1.623751785244890})({1.623751785244890}{1.623751785244890}{1.623751785244890})({1.623751785244890}{1.623751785244890}{1.623751785244890})({1.623751785244890}{1.623751785244890}{1.623751785244890})({1.623751785244890}{1.623751785244890}{1.623751785244890})({1.693461117231740}{1.693461117231740}{1.693461117231740})({1.693461117231740}{1.693461117231740}{1.693461117231740})({1.693461117231740}{1.693461117231740}{1.693461117231740})({1.693461117231740}{1.693461117231740}{1.693461117231740})({1.693461117231740}{1.693461117231740}{1.693461117231740})({1.693461117231740}{1.693461117231740}{1.693461117231740})({1.693461117231740}{1.693461117231740}{1.693461117231740})({1.693461117231740}{1.693461117231740}{1.693461117231740})({1.693461117231740}{1.693461117231740}{1.693461117231740})({1.693461117231740}{1.693461117231740}{1.693461117231740})({1.693461117231740}{1.693461117231740}{1.693461117231740})({1.693461117231740}{1.693461117231740}{1.693461117231740})({1.761986959435830}{1.761986959435830}{1.761986959435830})({1.761986959435830}{1.761986959435830}{1.761986959435830})({1.761986959435830}{1.761986959435830}{1.761986959435830})({1.761986959435830}{1.761986959435830}{1.761986959435830})({1.761986959435830}{1.761986959435830}{1.761986959435830})({1.761986959435830}{1.761986959435830}{1.761986959435830})({1.761986959435830}{1.761986959435830}{1.761986959435830})({1.761986959435830}{1.761986959435830}{1.761986959435830})({1.761986959435830}{1.761986959435830}{1.761986959435830})({1.761986959435830}{1.761986959435830}{1.761986959435830})({1.761986959435830}{1.761986959435830}{1.761986959435830})({1.761986959435830}{1.761986959435830}{1.761986959435830})({1.833051511713060}{1.833051511713060}{1.833051511713060})({1.833051511713060}{1.833051511713060}{1.833051511713060})({1.833051511713060}{1.833051511713060}{1.833051511713060})({1.833051511713060}{1.833051511713060}{1.833051511713060})({1.833051511713060}{1.833051511713060}{1.833051511713060})({1.833051511713060}{1.833051511713060}{1.833051511713060})({1.833051511713060}{1.833051511713060}{1.833051511713060})({1.833051511713060}{1.833051511713060}{1.833051511713060})({1.833051511713060}{1.833051511713060}{1.833051511713060})({1.833051511713060}{1.833051511713060}{1.833051511713060})({1.833051511713060}{1.833051511713060}{1.833051511713060})({1.833051511713060}{1.833051511713060}{1.833051511713060})({1.915001078519790}{1.915001078519790}{1.915001078519790})({1.915001078519790}{1.915001078519790}{1.915001078519790})({1.915001078519790}{1.915001078519790}{1.915001078519790})({1.915001078519790}{1.915001078519790}{1.915001078519790})({1.915001078519790}{1.915001078519790}{1.915001078519790})({1.915001078519790}{1.915001078519790}{1.915001078519790})({1.915001078519790}{1.915001078519790}{1.915001078519790})({1.915001078519790}{1.915001078519790}{1.915001078519790})({1.915001078519790}{1.915001078519790}{1.915001078519790})({1.915001078519790}{1.915001078519790}{1.915001078519790})({1.915001078519790}{1.915001078519790}{1.915001078519790})({1.915001078519790}{1.915001078519790}{1.915001078519790})({1.995127164787310}{1.995127164787310}{1.995127164787310})({1.995127164787310}{1.995127164787310}{1.995127164787310})({1.995127164787310}{1.995127164787310}{1.995127164787310})({1.995127164787310}{1.995127164787310}{1.995127164787310})({1.995127164787310}{1.995127164787310}{1.995127164787310})({1.995127164787310}{1.995127164787310}{1.995127164787310})({1.995127164787310}{1.995127164787310}{1.995127164787310})({1.995127164787310}{1.995127164787310}{1.995127164787310})({1.995127164787310}{1.995127164787310}{1.995127164787310})({1.995127164787310}{1.995127164787310}{1.995127164787310})({1.995127164787310}{1.995127164787310}{1.995127164787310})({1.995127164787310}{1.995127164787310}{1.995127164787310})({2.074016861199380}{2.074016861199380}{2.074016861199380})({2.074016861199380}{2.074016861199380}{2.074016861199380})({2.074016861199380}{2.074016861199380}{2.074016861199380})({2.074016861199380}{2.074016861199380}{2.074016861199380})({2.074016861199380}{2.074016861199380}{2.074016861199380})({2.074016861199380}{2.074016861199380}{2.074016861199380})({2.074016861199380}{2.074016861199380}{2.074016861199380})({2.074016861199380}{2.074016861199380}{2.074016861199380})({2.074016861199380}{2.074016861199380}{2.074016861199380})({2.074016861199380}{2.074016861199380}{2.074016861199380})({2.074016861199380}{2.074016861199380}{2.074016861199380})({2.074016861199380}{2.074016861199380}{2.074016861199380})({2.151336427993030}{2.151336427993030}{2.151336427993030})({2.151336427993030}{2.151336427993030}{2.151336427993030})({2.151336427993030}{2.151336427993030}{2.151336427993030})({2.151336427993030}{2.151336427993030}{2.151336427993030})({2.151336427993030}{2.151336427993030}{2.151336427993030})({2.151336427993030}{2.151336427993030}{2.151336427993030})({2.151336427993030}{2.151336427993030}{2.151336427993030})({2.151336427993030}{2.151336427993030}{2.151336427993030})({2.151336427993030}{2.151336427993030}{2.151336427993030})({2.151336427993030}{2.151336427993030}{2.151336427993030})({2.151336427993030}{2.151336427993030}{2.151336427993030})({2.151336427993030}{2.151336427993030}{2.151336427993030})({2.231140557542520}{2.231140557542520}{2.231140557542520})({2.231140557542520}{2.231140557542520}{2.231140557542520})({2.231140557542520}{2.231140557542520}{2.231140557542520})({2.231140557542520}{2.231140557542520}{2.231140557542520})({2.231140557542520}{2.231140557542520}{2.231140557542520})({2.231140557542520}{2.231140557542520}{2.231140557542520})({2.231140557542520}{2.231140557542520}{2.231140557542520})({2.231140557542520}{2.231140557542520}{2.231140557542520})({2.231140557542520}{2.231140557542520}{2.231140557542520})({2.231140557542520}{2.231140557542520}{2.231140557542520})({2.231140557542520}{2.231140557542520}{2.231140557542520})({2.231140557542520}{2.231140557542520}{2.231140557542520})({2.311353326054460}{2.311353326054460}{2.311353326054460})({2.311353326054460}{2.311353326054460}{2.311353326054460})({2.311353326054460}{2.311353326054460}{2.311353326054460})({2.311353326054460}{2.311353326054460}{2.311353326054460})({2.311353326054460}{2.311353326054460}{2.311353326054460})({2.311353326054460}{2.311353326054460}{2.311353326054460})({2.311353326054460}{2.311353326054460}{2.311353326054460})({2.311353326054460}{2.311353326054460}{2.311353326054460})({2.311353326054460}{2.311353326054460}{2.311353326054460})({2.311353326054460}{2.311353326054460}{2.311353326054460})({2.311353326054460}{2.311353326054460}{2.311353326054460})({2.311353326054460}{2.311353326054460}{2.311353326054460})({2.401596832023760}{2.401596832023760}{2.401596832023760})({2.401596832023760}{2.401596832023760}{2.401596832023760})({2.401596832023760}{2.401596832023760}{2.401596832023760})({2.401596832023760}{2.401596832023760}{2.401596832023760})({2.401596832023760}{2.401596832023760}{2.401596832023760})({2.401596832023760}{2.401596832023760}{2.401596832023760})({2.401596832023760}{2.401596832023760}{2.401596832023760})({2.401596832023760}{2.401596832023760}{2.401596832023760})({2.401596832023760}{2.401596832023760}{2.401596832023760})({2.401596832023760}{2.401596832023760}{2.401596832023760})({2.401596832023760}{2.401596832023760}{2.401596832023760})({2.401596832023760}{2.401596832023760}{2.401596832023760})({2.491128649467670}{2.491128649467670}{2.491128649467670})({2.491128649467670}{2.491128649467670}{2.491128649467670})({2.491128649467670}{2.491128649467670}{2.491128649467670})({2.491128649467670}{2.491128649467670}{2.491128649467670})({2.491128649467670}{2.491128649467670}{2.491128649467670})({2.491128649467670}{2.491128649467670}{2.491128649467670})({2.491128649467670}{2.491128649467670}{2.491128649467670})({2.491128649467670}{2.491128649467670}{2.491128649467670})({2.491128649467670}{2.491128649467670}{2.491128649467670})({2.491128649467670}{2.491128649467670}{2.491128649467670})({2.491128649467670}{2.491128649467670}{2.491128649467670})({2.491128649467670}{2.491128649467670}{2.491128649467670})({2.591973402650840}{2.591973402650840}{2.591973402650840})({2.591973402650840}{2.591973402650840}{2.591973402650840})({2.591973402650840}{2.591973402650840}{2.591973402650840})({2.591973402650840}{2.591973402650840}{2.591973402650840})({2.591973402650840}{2.591973402650840}{2.591973402650840})({2.591973402650840}{2.591973402650840}{2.591973402650840})({2.591973402650840}{2.591973402650840}{2.591973402650840})({2.591973402650840}{2.591973402650840}{2.591973402650840})({2.591973402650840}{2.591973402650840}{2.591973402650840})({2.591973402650840}{2.591973402650840}{2.591973402650840})({2.591973402650840}{2.591973402650840}{2.591973402650840})({2.591973402650840}{2.591973402650840}{2.591973402650840})({2.693297447353860}{2.693297447353860}{2.693297447353860})({2.693297447353860}{2.693297447353860}{2.693297447353860})({2.693297447353860}{2.693297447353860}{2.693297447353860})({2.693297447353860}{2.693297447353860}{2.693297447353860})({2.693297447353860}{2.693297447353860}{2.693297447353860})({2.693297447353860}{2.693297447353860}{2.693297447353860})({2.693297447353860}{2.693297447353860}{2.693297447353860})({2.693297447353860}{2.693297447353860}{2.693297447353860})({2.693297447353860}{2.693297447353860}{2.693297447353860})({2.693297447353860}{2.693297447353860}{2.693297447353860})({2.693297447353860}{2.693297447353860}{2.693297447353860})({2.693297447353860}{2.693297447353860}{2.693297447353860})({2.780685545580500}{2.780685545580500}{2.780685545580500})({2.780685545580500}{2.780685545580500}{2.780685545580500})({2.780685545580500}{2.780685545580500}{2.780685545580500})({2.780685545580500}{2.780685545580500}{2.780685545580500})({2.780685545580500}{2.780685545580500}{2.780685545580500})({2.780685545580500}{2.780685545580500}{2.780685545580500})({2.780685545580500}{2.780685545580500}{2.780685545580500})({2.780685545580500}{2.780685545580500}{2.780685545580500})({2.780685545580500}{2.780685545580500}{2.780685545580500})({2.780685545580500}{2.780685545580500}{2.780685545580500})({2.780685545580500}{2.780685545580500}{2.780685545580500})({2.780685545580500}{2.780685545580500}{2.780685545580500})({2.858271261637140}{2.858271261637140}{2.858271261637140})({2.858271261637140}{2.858271261637140}{2.858271261637140})({2.858271261637140}{2.858271261637140}{2.858271261637140})({2.858271261637140}{2.858271261637140}{2.858271261637140})({2.858271261637140}{2.858271261637140}{2.858271261637140})({2.858271261637140}{2.858271261637140}{2.858271261637140})({2.858271261637140}{2.858271261637140}{2.858271261637140})({2.858271261637140}{2.858271261637140}{2.858271261637140})({2.858271261637140}{2.858271261637140}{2.858271261637140})({2.858271261637140}{2.858271261637140}{2.858271261637140})({2.858271261637140}{2.858271261637140}{2.858271261637140})({2.858271261637140}{2.858271261637140}{2.858271261637140})({2.933245829356420}{2.933245829356420}{2.933245829356420})({2.933245829356420}{2.933245829356420}{2.933245829356420})({2.933245829356420}{2.933245829356420}{2.933245829356420})({2.933245829356420}{2.933245829356420}{2.933245829356420})({2.933245829356420}{2.933245829356420}{2.933245829356420})({2.933245829356420}{2.933245829356420}{2.933245829356420})({2.933245829356420}{2.933245829356420}{2.933245829356420})({2.933245829356420}{2.933245829356420}{2.933245829356420})({2.933245829356420}{2.933245829356420}{2.933245829356420})({2.933245829356420}{2.933245829356420}{2.933245829356420})({2.933245829356420}{2.933245829356420}{2.933245829356420})({2.933245829356420}{2.933245829356420}{2.933245829356420})({3.002580869636200}{3.002580869636200}{3.002580869636200})({3.002580869636200}{3.002580869636200}{3.002580869636200})({3.002580869636200}{3.002580869636200}{3.002580869636200})({3.002580869636200}{3.002580869636200}{3.002580869636200})({3.002580869636200}{3.002580869636200}{3.002580869636200})({3.002580869636200}{3.002580869636200}{3.002580869636200})({3.002580869636200}{3.002580869636200}{3.002580869636200})({3.002580869636200}{3.002580869636200}{3.002580869636200})({3.002580869636200}{3.002580869636200}{3.002580869636200})({3.002580869636200}{3.002580869636200}{3.002580869636200})({3.002580869636200}{3.002580869636200}{3.002580869636200})({3.002580869636200}{3.002580869636200}{3.002580869636200})({3.077860876431530}{3.077860876431530}{3.077860876431530})({3.077860876431530}{3.077860876431530}{3.077860876431530})({3.077860876431530}{3.077860876431530}{3.077860876431530})({3.077860876431530}{3.077860876431530}{3.077860876431530})({3.077860876431530}{3.077860876431530}{3.077860876431530})({3.077860876431530}{3.077860876431530}{3.077860876431530})({3.077860876431530}{3.077860876431530}{3.077860876431530})({3.077860876431530}{3.077860876431530}{3.077860876431530})({3.077860876431530}{3.077860876431530}{3.077860876431530})({3.077860876431530}{3.077860876431530}{3.077860876431530})({3.077860876431530}{3.077860876431530}{3.077860876431530})({3.077860876431530}{3.077860876431530}{3.077860876431530})','2011-07-02 17:21:15','2011-07-02 17:21:15');

/*!40000 ALTER TABLE `marketdata` ENABLE KEYS */;
UNLOCK TABLES;


# Dump of table mortality_rate
# ------------------------------------------------------------

DROP TABLE IF EXISTS `mortality_rate`;

CREATE TABLE `mortality_rate` (
  `id` bigint(20) NOT NULL AUTO_INCREMENT,
  `age` bigint(20) DEFAULT NULL,
  `mortality_male` decimal(10,6) DEFAULT NULL,
  `mortality_female` decimal(10,6) DEFAULT NULL,
  PRIMARY KEY (`id`)
) ENGINE=InnoDB AUTO_INCREMENT=114 DEFAULT CHARSET=utf8;

LOCK TABLES `mortality_rate` WRITE;
/*!40000 ALTER TABLE `mortality_rate` DISABLE KEYS */;

INSERT INTO `mortality_rate` (`id`, `age`, `mortality_male`, `mortality_female`)
VALUES
	(1,0,0.000000,0.000000),
	(2,1,0.000000,0.000000),
	(3,2,0.000000,0.000000),
	(4,3,0.000000,0.000000),
	(5,4,0.000000,0.000000),
	(6,5,0.000000,0.000000),
	(7,6,0.000000,0.000000),
	(8,7,0.000000,0.000000),
	(9,8,0.000000,0.000000),
	(10,9,0.000000,0.000000),
	(11,10,0.000000,0.000000),
	(12,11,0.000000,0.000000),
	(13,12,0.000000,0.000000),
	(14,13,0.000000,0.000000),
	(15,14,0.000000,0.000000),
	(16,15,0.000000,0.000000),
	(17,16,0.000000,0.000000),
	(18,17,0.000000,0.000000),
	(19,18,0.000000,0.000000),
	(20,19,0.000000,0.000000),
	(21,20,0.000000,0.000000),
	(22,21,0.001031,0.000301),
	(23,22,0.001031,0.000301),
	(24,23,0.001008,0.000301),
	(25,24,0.000969,0.000301),
	(26,25,0.000905,0.000301),
	(27,26,0.000825,0.000301),
	(28,27,0.000745,0.000301),
	(29,28,0.000686,0.000301),
	(30,29,0.000642,0.000301),
	(31,30,0.000613,0.000301),
	(32,31,0.000598,0.000301),
	(33,32,0.000584,0.000301),
	(34,33,0.000570,0.000301),
	(35,34,0.000613,0.000332),
	(36,35,0.000666,0.000371),
	(37,36,0.000725,0.000413),
	(38,37,0.000791,0.000461),
	(39,38,0.000864,0.000514),
	(40,39,0.000947,0.000573),
	(41,40,0.001041,0.000639),
	(42,41,0.001149,0.000712),
	(43,42,0.001274,0.000794),
	(44,43,0.001419,0.000885),
	(45,44,0.001589,0.000987),
	(46,45,0.001788,0.001100),
	(47,46,0.002022,0.001227),
	(48,47,0.002298,0.001367),
	(49,48,0.002623,0.001524),
	(50,49,0.003006,0.001699),
	(51,50,0.003456,0.001895),
	(52,51,0.003984,0.002112),
	(53,52,0.004601,0.002354),
	(54,53,0.005318,0.002624),
	(55,54,0.006147,0.002925),
	(56,55,0.007099,0.003261),
	(57,56,0.008184,0.003634),
	(58,57,0.009412,0.004051),
	(59,58,0.010789,0.004515),
	(60,59,0.012321,0.005031),
	(61,60,0.013517,0.005607),
	(62,61,0.014765,0.006247),
	(63,62,0.016127,0.006961),
	(64,63,0.017612,0.007755),
	(65,64,0.019232,0.008640),
	(66,65,0.020997,0.009624),
	(67,66,0.022920,0.010719),
	(68,67,0.025015,0.011937),
	(69,68,0.027296,0.013291),
	(70,69,0.029778,0.014797),
	(71,70,0.032479,0.016471),
	(72,71,0.035416,0.018331),
	(73,72,0.038608,0.020396),
	(74,73,0.042075,0.022689),
	(75,74,0.045838,0.025233),
	(76,75,0.049920,0.028053),
	(77,76,0.054346,0.031179),
	(78,77,0.059139,0.034641),
	(79,78,0.064326,0.038472),
	(80,79,0.069935,0.042708),
	(81,80,0.075992,0.047387),
	(82,81,0.082528,0.052551),
	(83,82,0.089572,0.058243),
	(84,83,0.097153,0.064510),
	(85,84,0.105301,0.071400),
	(86,85,0.114047,0.078963),
	(87,86,0.123418,0.087253),
	(88,87,0.133444,0.096321),
	(89,88,0.144150,0.106223),
	(90,89,0.155561,0.117011),
	(91,90,0.167699,0.128736),
	(92,91,0.180580,0.141448),
	(93,92,0.194221,0.155192),
	(94,93,0.208629,0.170007),
	(95,94,0.223809,0.185924),
	(96,95,0.239760,0.202968),
	(97,96,0.256471,0.221150),
	(98,97,0.273928,0.240469),
	(99,98,0.292106,0.260910),
	(100,99,0.310973,0.282443),
	(101,100,0.330491,0.305019),
	(102,101,0.350609,0.328574),
	(103,102,0.371274,0.353024),
	(104,103,0.392420,0.378268),
	(105,104,0.413978,0.404189),
	(106,105,0.435871,0.430657),
	(107,106,0.458016,0.457526),
	(108,107,0.480329,0.484645),
	(109,108,0.502720,0.511866),
	(110,109,0.525100,0.538995),
	(111,110,0.547380,0.565905),
	(112,111,0.589472,0.592433),
	(113,112,1.000000,1.000000);

/*!40000 ALTER TABLE `mortality_rate` ENABLE KEYS */;
UNLOCK TABLES;


# Dump of table pri
# ------------------------------------------------------------

DROP TABLE IF EXISTS `pri`;

CREATE TABLE `pri` (
  `id` bigint(20) NOT NULL AUTO_INCREMENT,
  `title` decimal(15,3) DEFAULT NULL,
  PRIMARY KEY (`id`)
) ENGINE=InnoDB AUTO_INCREMENT=4 DEFAULT CHARSET=utf8;

LOCK TABLES `pri` WRITE;
/*!40000 ALTER TABLE `pri` DISABLE KEYS */;

INSERT INTO `pri` (`id`, `title`)
VALUES
	(1,0.035),
	(2,0.040),
	(3,0.045);

/*!40000 ALTER TABLE `pri` ENABLE KEYS */;
UNLOCK TABLES;


# Dump of table quote
# ------------------------------------------------------------

DROP TABLE IF EXISTS `quote`;

CREATE TABLE `quote` (
  `id` bigint(20) NOT NULL AUTO_INCREMENT,
  `client_id` bigint(20) DEFAULT NULL,
  `quote_type_id` bigint(20) DEFAULT NULL,
  `created_by` bigint(20) DEFAULT NULL,
  `second_life` bigint(20) DEFAULT NULL,
  `main_sex` bigint(20) DEFAULT NULL,
  `main_dob` date NOT NULL,
  `spouse_sex` bigint(20) DEFAULT NULL,
  `spouse_dob` date NOT NULL,
  `gp` bigint(20) DEFAULT NULL,
  `spouse_reversion_id` bigint(20) DEFAULT NULL,
  `pri_id` bigint(20) DEFAULT NULL,
  `annuity` decimal(15,2) DEFAULT NULL,
  `purchase_price` decimal(15,2) DEFAULT NULL,
  `initial_gross_annuity` decimal(15,2) DEFAULT NULL,
  `initial_net_annuity` decimal(15,2) DEFAULT NULL,
  `commission_id` bigint(20) DEFAULT NULL,
  `commence_at` datetime NOT NULL,
  `expires_at` datetime NOT NULL,
  `first_annuity_increase` datetime NOT NULL,
  `guaranteed_terms` bigint(20) DEFAULT NULL,
  `premium_charge` decimal(15,5) DEFAULT NULL,
  `fund_charge` decimal(15,5) DEFAULT NULL,
  `administrative_charge` decimal(15,5) DEFAULT NULL,
  `created_at` datetime NOT NULL,
  `updated_at` datetime NOT NULL,
  PRIMARY KEY (`id`),
  KEY `client_id_idx` (`client_id`),
  KEY `quote_type_id_idx` (`quote_type_id`),
  KEY `created_by_idx` (`created_by`),
  KEY `main_sex_idx` (`main_sex`),
  KEY `spouse_sex_idx` (`spouse_sex`),
  KEY `commission_id_idx` (`commission_id`),
  KEY `spouse_reversion_id_idx` (`spouse_reversion_id`),
  KEY `pri_id_idx` (`pri_id`),
  CONSTRAINT `quote_client_id_sf_guard_user_id` FOREIGN KEY (`client_id`) REFERENCES `sf_guard_user` (`id`) ON DELETE CASCADE,
  CONSTRAINT `quote_commission_id_commission_id` FOREIGN KEY (`commission_id`) REFERENCES `commission` (`id`),
  CONSTRAINT `quote_created_by_sf_guard_user_id` FOREIGN KEY (`created_by`) REFERENCES `sf_guard_user` (`id`) ON DELETE CASCADE,
  CONSTRAINT `quote_main_sex_gender_id` FOREIGN KEY (`main_sex`) REFERENCES `gender` (`id`),
  CONSTRAINT `quote_pri_id_pri_id` FOREIGN KEY (`pri_id`) REFERENCES `pri` (`id`),
  CONSTRAINT `quote_quote_type_id_quote_type_id` FOREIGN KEY (`quote_type_id`) REFERENCES `quote_type` (`id`),
  CONSTRAINT `quote_spouse_reversion_id_spouse_reversion_id` FOREIGN KEY (`spouse_reversion_id`) REFERENCES `spouse_reversion` (`id`),
  CONSTRAINT `quote_spouse_sex_gender_id` FOREIGN KEY (`spouse_sex`) REFERENCES `gender` (`id`)
) ENGINE=InnoDB AUTO_INCREMENT=2 DEFAULT CHARSET=utf8;

LOCK TABLES `quote` WRITE;
/*!40000 ALTER TABLE `quote` DISABLE KEYS */;

INSERT INTO `quote` (`id`, `client_id`, `quote_type_id`, `created_by`, `second_life`, `main_sex`, `main_dob`, `spouse_sex`, `spouse_dob`, `gp`, `spouse_reversion_id`, `pri_id`, `annuity`, `purchase_price`, `initial_gross_annuity`, `initial_net_annuity`, `commission_id`, `commence_at`, `expires_at`, `first_annuity_increase`, `guaranteed_terms`, `premium_charge`, `fund_charge`, `administrative_charge`, `created_at`, `updated_at`)
VALUES
	(1,5,2,1,1,1,'1936-07-01',2,'1946-07-01',60,4,1,0.00,1000000.00,NULL,NULL,4,'2011-09-15 00:00:00','0000-00-00 00:00:00','0000-00-00 00:00:00',NULL,NULL,NULL,NULL,'2011-08-15 22:22:22','2011-08-15 22:22:22');

/*!40000 ALTER TABLE `quote` ENABLE KEYS */;
UNLOCK TABLES;


# Dump of table quote_type
# ------------------------------------------------------------

DROP TABLE IF EXISTS `quote_type`;

CREATE TABLE `quote_type` (
  `id` bigint(20) NOT NULL AUTO_INCREMENT,
  `title` varchar(255) NOT NULL,
  PRIMARY KEY (`id`)
) ENGINE=InnoDB AUTO_INCREMENT=3 DEFAULT CHARSET=utf8;

LOCK TABLES `quote_type` WRITE;
/*!40000 ALTER TABLE `quote_type` DISABLE KEYS */;

INSERT INTO `quote_type` (`id`, `title`)
VALUES
	(1,'annuity'),
	(2,'purchase price');

/*!40000 ALTER TABLE `quote_type` ENABLE KEYS */;
UNLOCK TABLES;


# Dump of table sf_guard_forgot_password
# ------------------------------------------------------------

DROP TABLE IF EXISTS `sf_guard_forgot_password`;

CREATE TABLE `sf_guard_forgot_password` (
  `id` bigint(20) NOT NULL AUTO_INCREMENT,
  `user_id` bigint(20) NOT NULL,
  `unique_key` varchar(255) DEFAULT NULL,
  `expires_at` datetime NOT NULL,
  `created_at` datetime NOT NULL,
  `updated_at` datetime NOT NULL,
  PRIMARY KEY (`id`),
  KEY `user_id_idx` (`user_id`),
  CONSTRAINT `sf_guard_forgot_password_user_id_sf_guard_user_id` FOREIGN KEY (`user_id`) REFERENCES `sf_guard_user` (`id`) ON DELETE CASCADE
) ENGINE=InnoDB DEFAULT CHARSET=utf8;



# Dump of table sf_guard_group
# ------------------------------------------------------------

DROP TABLE IF EXISTS `sf_guard_group`;

CREATE TABLE `sf_guard_group` (
  `id` bigint(20) NOT NULL AUTO_INCREMENT,
  `name` varchar(255) DEFAULT NULL,
  `description` text,
  `created_at` datetime NOT NULL,
  `updated_at` datetime NOT NULL,
  PRIMARY KEY (`id`),
  UNIQUE KEY `name` (`name`)
) ENGINE=InnoDB AUTO_INCREMENT=4 DEFAULT CHARSET=utf8;

LOCK TABLES `sf_guard_group` WRITE;
/*!40000 ALTER TABLE `sf_guard_group` DISABLE KEYS */;

INSERT INTO `sf_guard_group` (`id`, `name`, `description`, `created_at`, `updated_at`)
VALUES
	(1,'administrator','Administrator group','2011-08-10 20:59:45','2011-08-10 20:59:45'),
	(2,'advisor','Financial Advisor','2011-08-10 20:59:45','2011-08-10 20:59:45'),
	(3,'client','Client','2011-08-10 20:59:45','2011-08-10 20:59:45');

/*!40000 ALTER TABLE `sf_guard_group` ENABLE KEYS */;
UNLOCK TABLES;


# Dump of table sf_guard_group_permission
# ------------------------------------------------------------

DROP TABLE IF EXISTS `sf_guard_group_permission`;

CREATE TABLE `sf_guard_group_permission` (
  `group_id` bigint(20) NOT NULL DEFAULT '0',
  `permission_id` bigint(20) NOT NULL DEFAULT '0',
  `created_at` datetime NOT NULL,
  `updated_at` datetime NOT NULL,
  PRIMARY KEY (`group_id`,`permission_id`),
  KEY `sf_guard_group_permission_permission_id_sf_guard_permission_id` (`permission_id`),
  CONSTRAINT `sf_guard_group_permission_group_id_sf_guard_group_id` FOREIGN KEY (`group_id`) REFERENCES `sf_guard_group` (`id`) ON DELETE CASCADE,
  CONSTRAINT `sf_guard_group_permission_permission_id_sf_guard_permission_id` FOREIGN KEY (`permission_id`) REFERENCES `sf_guard_permission` (`id`) ON DELETE CASCADE
) ENGINE=InnoDB DEFAULT CHARSET=utf8;



# Dump of table sf_guard_permission
# ------------------------------------------------------------

DROP TABLE IF EXISTS `sf_guard_permission`;

CREATE TABLE `sf_guard_permission` (
  `id` bigint(20) NOT NULL AUTO_INCREMENT,
  `name` varchar(255) DEFAULT NULL,
  `description` text,
  `created_at` datetime NOT NULL,
  `updated_at` datetime NOT NULL,
  PRIMARY KEY (`id`),
  UNIQUE KEY `name` (`name`)
) ENGINE=InnoDB DEFAULT CHARSET=utf8;



# Dump of table sf_guard_remember_key
# ------------------------------------------------------------

DROP TABLE IF EXISTS `sf_guard_remember_key`;

CREATE TABLE `sf_guard_remember_key` (
  `id` bigint(20) NOT NULL AUTO_INCREMENT,
  `user_id` bigint(20) DEFAULT NULL,
  `remember_key` varchar(32) DEFAULT NULL,
  `ip_address` varchar(50) DEFAULT NULL,
  `created_at` datetime NOT NULL,
  `updated_at` datetime NOT NULL,
  PRIMARY KEY (`id`),
  KEY `user_id_idx` (`user_id`),
  CONSTRAINT `sf_guard_remember_key_user_id_sf_guard_user_id` FOREIGN KEY (`user_id`) REFERENCES `sf_guard_user` (`id`) ON DELETE CASCADE
) ENGINE=InnoDB DEFAULT CHARSET=utf8;



# Dump of table sf_guard_user
# ------------------------------------------------------------

DROP TABLE IF EXISTS `sf_guard_user`;

CREATE TABLE `sf_guard_user` (
  `id` bigint(20) NOT NULL AUTO_INCREMENT,
  `first_name` varchar(255) DEFAULT NULL,
  `last_name` varchar(255) DEFAULT NULL,
  `email_address` varchar(255) NOT NULL,
  `username` varchar(128) NOT NULL,
  `algorithm` varchar(128) NOT NULL DEFAULT 'sha1',
  `salt` varchar(128) DEFAULT NULL,
  `password` varchar(128) DEFAULT NULL,
  `is_active` tinyint(1) DEFAULT '1',
  `is_super_admin` tinyint(1) DEFAULT '0',
  `last_login` datetime DEFAULT NULL,
  `created_at` datetime NOT NULL,
  `updated_at` datetime NOT NULL,
  PRIMARY KEY (`id`),
  UNIQUE KEY `email_address` (`email_address`),
  UNIQUE KEY `username` (`username`),
  KEY `is_active_idx_idx` (`is_active`)
) ENGINE=InnoDB AUTO_INCREMENT=7 DEFAULT CHARSET=utf8;

LOCK TABLES `sf_guard_user` WRITE;
/*!40000 ALTER TABLE `sf_guard_user` DISABLE KEYS */;

INSERT INTO `sf_guard_user` (`id`, `first_name`, `last_name`, `email_address`, `username`, `algorithm`, `salt`, `password`, `is_active`, `is_super_admin`, `last_login`, `created_at`, `updated_at`)
VALUES
	(1,'Shadley','Wentzel','shad6ster@gmail.com','sanjuro','sha1','f54029ab8813117a4e42a3de85db6d05','d9fa42ff237f04f5515f83659426d4b3df2c27a5',1,1,'2011-08-15 22:11:13','2011-08-10 20:59:45','2011-08-15 22:11:13'),
	(2,'Admin','Admin','admin@gmail.com','admin','sha1','eefa2f0cd292fd8a6ffbb35fd5c4113f','3cc288714ad13c85296c356f9ad9020e6a12b465',1,0,NULL,'2011-08-10 20:59:45','2011-08-10 20:59:45'),
	(3,'Advisor','Advisor','advisor@gmail.com','advisor','sha1','f1351663d9fd331be2d1bd3fb1ac4de8','b98a236f182747bb7c3ecee7426f7da2dabf1d95',1,0,NULL,'2011-08-10 20:59:45','2011-08-10 20:59:45'),
	(4,'Jack','Advisor','jadvisor@gmail.com','jackadvisor','sha1','57fa987acfded63e9a19015916eb2a6e','18b5a8fd4b62d20e60410aee61aa96d78f452d92',1,0,NULL,'2011-08-10 20:59:45','2011-08-10 20:59:45'),
	(5,'Client','Client','client@gmail.com','client','sha1','57243437aa4534e780efdcd593bfef63','1d108ee78e24307d0877ed52444fd452545876b4',1,0,NULL,'2011-08-10 20:59:45','2011-08-10 20:59:45'),
	(6,'Jack','Client','jclient@gmail.com','jackclient','sha1','9c518e278d042b08b15e342fd321e0c5','74a92289c789939abfea0eec4a5e16e2ebe51a73',1,0,NULL,'2011-08-10 20:59:45','2011-08-10 20:59:45');

/*!40000 ALTER TABLE `sf_guard_user` ENABLE KEYS */;
UNLOCK TABLES;


# Dump of table sf_guard_user_group
# ------------------------------------------------------------

DROP TABLE IF EXISTS `sf_guard_user_group`;

CREATE TABLE `sf_guard_user_group` (
  `user_id` bigint(20) NOT NULL DEFAULT '0',
  `group_id` bigint(20) NOT NULL DEFAULT '0',
  `created_at` datetime NOT NULL,
  `updated_at` datetime NOT NULL,
  PRIMARY KEY (`user_id`,`group_id`),
  KEY `sf_guard_user_group_group_id_sf_guard_group_id` (`group_id`),
  CONSTRAINT `sf_guard_user_group_group_id_sf_guard_group_id` FOREIGN KEY (`group_id`) REFERENCES `sf_guard_group` (`id`) ON DELETE CASCADE,
  CONSTRAINT `sf_guard_user_group_user_id_sf_guard_user_id` FOREIGN KEY (`user_id`) REFERENCES `sf_guard_user` (`id`) ON DELETE CASCADE
) ENGINE=InnoDB DEFAULT CHARSET=utf8;

LOCK TABLES `sf_guard_user_group` WRITE;
/*!40000 ALTER TABLE `sf_guard_user_group` DISABLE KEYS */;

INSERT INTO `sf_guard_user_group` (`user_id`, `group_id`, `created_at`, `updated_at`)
VALUES
	(1,1,'2011-08-10 20:59:45','2011-08-10 20:59:45'),
	(2,1,'2011-08-10 20:59:45','2011-08-10 20:59:45'),
	(3,2,'2011-08-10 20:59:45','2011-08-10 20:59:45'),
	(4,2,'2011-08-10 20:59:45','2011-08-10 20:59:45'),
	(5,3,'2011-08-10 20:59:45','2011-08-10 20:59:45'),
	(6,3,'2011-08-10 20:59:45','2011-08-10 20:59:45');

/*!40000 ALTER TABLE `sf_guard_user_group` ENABLE KEYS */;
UNLOCK TABLES;


# Dump of table sf_guard_user_permission
# ------------------------------------------------------------

DROP TABLE IF EXISTS `sf_guard_user_permission`;

CREATE TABLE `sf_guard_user_permission` (
  `user_id` bigint(20) NOT NULL DEFAULT '0',
  `permission_id` bigint(20) NOT NULL DEFAULT '0',
  `created_at` datetime NOT NULL,
  `updated_at` datetime NOT NULL,
  PRIMARY KEY (`user_id`,`permission_id`),
  KEY `sf_guard_user_permission_permission_id_sf_guard_permission_id` (`permission_id`),
  CONSTRAINT `sf_guard_user_permission_permission_id_sf_guard_permission_id` FOREIGN KEY (`permission_id`) REFERENCES `sf_guard_permission` (`id`) ON DELETE CASCADE,
  CONSTRAINT `sf_guard_user_permission_user_id_sf_guard_user_id` FOREIGN KEY (`user_id`) REFERENCES `sf_guard_user` (`id`) ON DELETE CASCADE
) ENGINE=InnoDB DEFAULT CHARSET=utf8;



# Dump of table spouse_reversion
# ------------------------------------------------------------

DROP TABLE IF EXISTS `spouse_reversion`;

CREATE TABLE `spouse_reversion` (
  `id` bigint(20) NOT NULL AUTO_INCREMENT,
  `title` decimal(15,2) DEFAULT NULL,
  PRIMARY KEY (`id`)
) ENGINE=InnoDB AUTO_INCREMENT=6 DEFAULT CHARSET=utf8;

LOCK TABLES `spouse_reversion` WRITE;
/*!40000 ALTER TABLE `spouse_reversion` DISABLE KEYS */;

INSERT INTO `spouse_reversion` (`id`, `title`)
VALUES
	(1,0.00),
	(2,0.25),
	(3,0.50),
	(4,0.75),
	(5,1.00);

/*!40000 ALTER TABLE `spouse_reversion` ENABLE KEYS */;
UNLOCK TABLES;


# Dump of table system
# ------------------------------------------------------------

DROP TABLE IF EXISTS `system`;

CREATE TABLE `system` (
  `id` bigint(20) NOT NULL AUTO_INCREMENT,
  PRIMARY KEY (`id`)
) ENGINE=InnoDB DEFAULT CHARSET=utf8;



# Dump of table tax_rate
# ------------------------------------------------------------

DROP TABLE IF EXISTS `tax_rate`;

CREATE TABLE `tax_rate` (
  `id` bigint(20) NOT NULL AUTO_INCREMENT,
  `tax_rate` decimal(10,5) DEFAULT NULL,
  `start_bracket` bigint(20) DEFAULT NULL,
  PRIMARY KEY (`id`)
) ENGINE=InnoDB AUTO_INCREMENT=8 DEFAULT CHARSET=utf8;

LOCK TABLES `tax_rate` WRITE;
/*!40000 ALTER TABLE `tax_rate` DISABLE KEYS */;

INSERT INTO `tax_rate` (`id`, `tax_rate`, `start_bracket`)
VALUES
	(1,0.18000,0),
	(2,0.25000,150000),
	(3,0.30000,235000),
	(4,0.35000,325000),
	(5,0.38000,455000),
	(6,0.40000,580000),
	(7,0.40000,1000000000);

/*!40000 ALTER TABLE `tax_rate` ENABLE KEYS */;
UNLOCK TABLES;


# Dump of table tax_rebate
# ------------------------------------------------------------

DROP TABLE IF EXISTS `tax_rebate`;

CREATE TABLE `tax_rebate` (
  `id` bigint(20) NOT NULL AUTO_INCREMENT,
  `age` bigint(20) DEFAULT NULL,
  `rebate` bigint(20) DEFAULT NULL,
  PRIMARY KEY (`id`)
) ENGINE=InnoDB AUTO_INCREMENT=5 DEFAULT CHARSET=utf8;

LOCK TABLES `tax_rebate` WRITE;
/*!40000 ALTER TABLE `tax_rebate` DISABLE KEYS */;

INSERT INTO `tax_rebate` (`id`, `age`, `rebate`)
VALUES
	(1,0,0),
	(2,65,10755),
	(3,75,16767),
	(4,200,18767);

/*!40000 ALTER TABLE `tax_rebate` ENABLE KEYS */;
UNLOCK TABLES;


# Dump of table user_profile
# ------------------------------------------------------------

DROP TABLE IF EXISTS `user_profile`;

CREATE TABLE `user_profile` (
  `id` bigint(20) NOT NULL AUTO_INCREMENT,
  `sfuser_id` bigint(20) DEFAULT NULL,
  `gender_id` bigint(20) DEFAULT NULL,
  `status_id` bigint(20) DEFAULT NULL,
  `parent_user_id` bigint(20) DEFAULT NULL,
  `fsp_license_number` varchar(12) DEFAULT NULL,
  `title` varchar(30) DEFAULT NULL,
  `token` varchar(30) DEFAULT NULL,
  `name` varchar(30) NOT NULL,
  `surname` varchar(30) NOT NULL,
  `dob` date NOT NULL,
  `telephone` varchar(20) NOT NULL,
  `mobile` varchar(20) NOT NULL,
  `idnumber` varchar(20) NOT NULL,
  `fax` varchar(20) NOT NULL,
  `postaladdress` varchar(100) NOT NULL,
  `streetaddress` varchar(100) NOT NULL,
  `spouse_name` varchar(30) NOT NULL,
  `spouse_surname` varchar(30) NOT NULL,
  `spouse_dob` date DEFAULT NULL,
  `spouse_gender_id` bigint(20) DEFAULT NULL,
  `spouseidnumber` varchar(20) NOT NULL,
  `company` varchar(30) NOT NULL,
  `created_at` datetime NOT NULL,
  `updated_at` datetime NOT NULL,
  PRIMARY KEY (`id`),
  KEY `sfuser_id_idx` (`sfuser_id`),
  KEY `gender_id_idx` (`gender_id`),
  KEY `status_id_idx` (`status_id`),
  KEY `parent_user_id_idx` (`parent_user_id`),
  CONSTRAINT `user_profile_gender_id_gender_id` FOREIGN KEY (`gender_id`) REFERENCES `gender` (`id`),
  CONSTRAINT `user_profile_parent_user_id_sf_guard_user_id` FOREIGN KEY (`parent_user_id`) REFERENCES `sf_guard_user` (`id`),
  CONSTRAINT `user_profile_sfuser_id_sf_guard_user_id` FOREIGN KEY (`sfuser_id`) REFERENCES `sf_guard_user` (`id`) ON DELETE CASCADE,
  CONSTRAINT `user_profile_status_id_client_status_id` FOREIGN KEY (`status_id`) REFERENCES `client_status` (`id`)
) ENGINE=InnoDB AUTO_INCREMENT=7 DEFAULT CHARSET=utf8;

LOCK TABLES `user_profile` WRITE;
/*!40000 ALTER TABLE `user_profile` DISABLE KEYS */;

INSERT INTO `user_profile` (`id`, `sfuser_id`, `gender_id`, `status_id`, `parent_user_id`, `fsp_license_number`, `title`, `token`, `name`, `surname`, `dob`, `telephone`, `mobile`, `idnumber`, `fax`, `postaladdress`, `streetaddress`, `spouse_name`, `spouse_surname`, `spouse_dob`, `spouse_gender_id`, `spouseidnumber`, `company`, `created_at`, `updated_at`)
VALUES
	(1,1,1,1,1,NULL,NULL,'11qqadwW333ssdsdssaas2','shadley','wentzel','0000-00-00','','','','','','','radhia','wentzel',NULL,2,'','','2011-08-10 20:59:45','2011-08-10 20:59:45'),
	(2,2,1,1,2,NULL,NULL,'12qqadwW333ssdsdssaas2','admin','admin','0000-00-00','','','','','','','admin','admin',NULL,2,'','','2011-08-10 20:59:45','2011-08-10 20:59:45'),
	(3,3,1,1,2,NULL,NULL,'13qqadwW333ssdsdssaas2','advisor','advisor','0000-00-00','','','','','','','','',NULL,2,'','','2011-08-10 20:59:45','2011-08-10 20:59:45'),
	(4,4,1,1,2,NULL,NULL,'14qqadwW333ssdsdssaas2','jack','advisor','0000-00-00','','','','','','','','',NULL,2,'','','2011-08-10 20:59:45','2011-08-10 20:59:45'),
	(5,5,1,1,3,NULL,NULL,'15qqadwW333ssdsdssaas2','client','client','1936-07-01','','','','','','','client','client','1946-07-01',2,'','','2011-08-10 20:59:45','2011-08-10 20:59:45'),
	(6,6,1,1,4,NULL,NULL,'16qqadwW333ssdsdssaas2','jack','client','0000-00-00','','','','','','','client','client',NULL,2,'','','2011-08-10 20:59:45','2011-08-10 20:59:45');

/*!40000 ALTER TABLE `user_profile` ENABLE KEYS */;
UNLOCK TABLES;


# Dump of table user_profile_index
# ------------------------------------------------------------

DROP TABLE IF EXISTS `user_profile_index`;

CREATE TABLE `user_profile_index` (
  `keyword` varchar(200) NOT NULL DEFAULT '',
  `field` varchar(50) NOT NULL DEFAULT '',
  `position` bigint(20) NOT NULL DEFAULT '0',
  `id` bigint(20) NOT NULL DEFAULT '0',
  PRIMARY KEY (`keyword`,`field`,`position`,`id`),
  KEY `user_profile_index_id_user_profile_id` (`id`),
  CONSTRAINT `user_profile_index_id_user_profile_id` FOREIGN KEY (`id`) REFERENCES `user_profile` (`id`) ON DELETE CASCADE ON UPDATE CASCADE
) ENGINE=InnoDB DEFAULT CHARSET=utf8;

LOCK TABLES `user_profile_index` WRITE;
/*!40000 ALTER TABLE `user_profile_index` DISABLE KEYS */;

INSERT INTO `user_profile_index` (`keyword`, `field`, `position`, `id`)
VALUES
	('shadley','name',0,1),
	('wentzel','surname',0,1),
	('admin','name',0,2),
	('admin','surname',0,2),
	('advisor','name',0,3),
	('advisor','surname',0,3),
	('advisor','surname',0,4),
	('jack','name',0,4),
	('client','name',0,5),
	('client','surname',0,5),
	('client','surname',0,6),
	('jack','name',0,6);

/*!40000 ALTER TABLE `user_profile_index` ENABLE KEYS */;
UNLOCK TABLES;



/*!40111 SET SQL_NOTES=@OLD_SQL_NOTES */;
/*!40101 SET SQL_MODE=@OLD_SQL_MODE */;
/*!40014 SET FOREIGN_KEY_CHECKS=@OLD_FOREIGN_KEY_CHECKS */;
/*!40101 SET CHARACTER_SET_CLIENT=@OLD_CHARACTER_SET_CLIENT */;
/*!40101 SET CHARACTER_SET_RESULTS=@OLD_CHARACTER_SET_RESULTS */;
/*!40101 SET COLLATION_CONNECTION=@OLD_COLLATION_CONNECTION */;
