# ************************************************************
# Sequel Pro SQL dump
# Version 3408
#
# http://www.sequelpro.com/
# http://code.google.com/p/sequel-pro/
#
# Host: 127.0.0.1 (MySQL 5.5.14)
# Database: moseller
# Generation Time: 2011-10-21 23:22:09 +0200
# ************************************************************


/*!40101 SET @OLD_CHARACTER_SET_CLIENT=@@CHARACTER_SET_CLIENT */;
/*!40101 SET @OLD_CHARACTER_SET_RESULTS=@@CHARACTER_SET_RESULTS */;
/*!40101 SET @OLD_COLLATION_CONNECTION=@@COLLATION_CONNECTION */;
/*!40101 SET NAMES utf8 */;
/*!40014 SET @OLD_FOREIGN_KEY_CHECKS=@@FOREIGN_KEY_CHECKS, FOREIGN_KEY_CHECKS=0 */;
/*!40101 SET @OLD_SQL_MODE=@@SQL_MODE, SQL_MODE='NO_AUTO_VALUE_ON_ZERO' */;
/*!40111 SET @OLD_SQL_NOTES=@@SQL_NOTES, SQL_NOTES=0 */;


# Dump of table account_item
# ------------------------------------------------------------

LOCK TABLES `account_item` WRITE;
/*!40000 ALTER TABLE `account_item` DISABLE KEYS */;

INSERT INTO `account_item` (`id`, `user_id`, `account_item_type_id`, `credit`, `debit`, `account_status_id`, `created_at`, `updated_at`)
VALUES
	(1,1,1,0.00,47.40,'1','2011-10-06 16:10:53','2011-10-06 16:10:53'),
	(3,1,1,0.00,29.00,'1','2011-10-08 17:40:19','2011-10-08 17:40:19'),
	(4,1,1,0.00,27.50,'1','2011-10-09 18:25:42','2011-10-09 18:25:42'),
	(5,1,1,0.00,27.50,'1','2011-10-09 18:35:27','2011-10-09 18:35:27'),
	(6,1,1,0.00,27.50,'1','2011-10-09 18:41:32','2011-10-09 18:41:32'),
	(7,1,1,0.00,27.50,'1','2011-10-09 18:44:55','2011-10-09 18:44:55'),
	(8,1,1,0.00,4.80,'1','2011-10-09 19:03:07','2011-10-09 19:03:07'),
	(9,1,1,0.00,29.00,'1','2011-10-10 17:31:43','2011-10-10 17:31:43'),
	(10,1,1,0.00,46.54,'1','2011-10-11 15:56:57','2011-10-11 15:56:57'),
	(11,1,1,0.00,105.00,'1','2011-10-11 17:05:11','2011-10-11 17:05:11'),
	(12,1,1,0.00,11.32,'1','2011-10-11 17:54:39','2011-10-11 17:54:39'),
	(13,3,1,0.00,11.32,'1','2011-10-11 18:55:21','2011-10-11 18:55:21'),
	(14,3,1,0.00,4.80,'1','2011-10-12 05:15:44','2011-10-12 05:15:44'),
	(15,1,1,0.00,52.57,'1','2011-10-12 08:23:31','2011-10-12 08:23:31'),
	(16,1,1,0.00,9.51,'1','2011-10-12 10:01:38','2011-10-12 10:01:38'),
	(17,1,NULL,29.00,0.00,NULL,'2011-10-13 06:20:56','2011-10-13 06:20:56'),
	(18,1,NULL,4.80,0.00,NULL,'2011-10-13 06:22:46','2011-10-13 06:22:46'),
	(19,1,NULL,29.00,0.00,NULL,'2011-10-13 06:23:21','2011-10-13 06:23:21'),
	(20,1,NULL,46.54,0.00,NULL,'2011-10-13 06:23:51','2011-10-13 06:23:51'),
	(21,1,NULL,11.32,0.00,NULL,'2011-10-13 06:24:49','2011-10-13 06:24:49'),
	(22,1,NULL,9.51,0.00,NULL,'2011-10-13 06:25:11','2011-10-13 06:25:11'),
	(23,1,NULL,47.40,0.00,NULL,'2011-10-13 06:25:48','2011-10-13 06:25:48'),
	(24,1,NULL,110.00,0.00,NULL,'2011-10-13 06:26:23','2011-10-13 06:26:23'),
	(25,3,NULL,11.32,0.00,NULL,'2011-10-13 06:29:43','2011-10-13 06:29:43'),
	(26,3,NULL,4.80,0.00,NULL,'2011-10-13 06:29:54','2011-10-13 06:29:54'),
	(27,1,1,0.00,27.50,'1','2011-10-13 07:28:37','2011-10-13 07:28:37'),
	(28,1,1,0.00,23.90,'1','2011-10-13 07:31:07','2011-10-13 07:31:07'),
	(29,6,1,0.00,4.80,'1','2011-10-14 09:06:06','2011-10-14 09:06:06'),
	(30,1,1,0.00,9.51,'1','2011-10-14 10:03:53','2011-10-14 10:03:53'),
	(31,1,NULL,9.51,0.00,NULL,'2011-10-14 10:05:50','2011-10-14 10:05:50'),
	(32,6,1,0.00,9.41,'1','2011-10-14 18:06:51','2011-10-14 18:06:51'),
	(33,6,1,0.00,11.32,'1','2011-10-14 19:35:48','2011-10-14 19:35:48'),
	(34,1,1,0.00,11.32,'1','2011-10-15 17:10:28','2011-10-15 17:10:28'),
	(35,1,NULL,11.32,0.00,NULL,'2011-10-15 23:08:45','2011-10-15 23:08:45'),
	(36,6,1,0.00,11.32,'1','2011-10-16 12:08:10','2011-10-16 12:08:10'),
	(37,6,1,0.00,11.32,'1','2011-10-16 18:38:34','2011-10-16 18:38:34'),
	(38,6,1,0.00,11.32,'1','2011-10-17 14:42:12','2011-10-17 14:42:12'),
	(39,1,1,0.00,47.40,'1','2011-10-18 16:14:09','2011-10-18 16:14:09'),
	(40,6,1,0.00,11.32,'1','2011-10-18 19:08:48','2011-10-18 19:08:48'),
	(41,1,1,0.00,14.50,'1','2011-10-19 10:43:27','2011-10-19 10:43:27'),
	(42,6,1,0.00,9.51,'1','2011-10-19 19:03:46','2011-10-19 19:03:46'),
	(43,6,1,0.00,9.48,'1','2011-10-19 19:47:54','2011-10-19 19:47:54'),
	(44,6,1,0.00,9.48,'1','2011-10-20 07:24:06','2011-10-20 07:24:06'),
	(45,1,1,0.00,52.57,'1','2011-10-20 09:23:52','2011-10-20 09:23:52'),
	(46,6,1,0.00,4.80,'1','2011-10-20 14:25:23','2011-10-20 14:25:23'),
	(47,1,1,0.00,56.48,'1','2011-10-20 17:20:22','2011-10-20 17:20:22'),
	(48,6,1,0.00,57.37,'1','2011-10-20 18:01:02','2011-10-20 18:01:02'),
	(49,6,1,0.00,57.37,'1','2011-10-20 18:06:34','2011-10-20 18:06:34'),
	(50,1,1,0.00,4.80,'1','2011-10-20 21:02:03','2011-10-20 21:02:03'),
	(51,6,1,0.00,9.41,'1','2011-10-20 21:16:27','2011-10-20 21:16:27'),
	(52,1,NULL,47.70,0.00,NULL,'2011-10-20 22:02:34','2011-10-20 22:02:34'),
	(53,1,NULL,52.57,0.00,NULL,'2011-10-20 22:03:13','2011-10-20 22:03:13');

/*!40000 ALTER TABLE `account_item` ENABLE KEYS */;
UNLOCK TABLES;


# Dump of table account_item_type
# ------------------------------------------------------------



# Dump of table active_admin_comments
# ------------------------------------------------------------



# Dump of table admin_user
# ------------------------------------------------------------

LOCK TABLES `admin_user` WRITE;
/*!40000 ALTER TABLE `admin_user` DISABLE KEYS */;

INSERT INTO `admin_user` (`id`, `email`, `encrypted_password`, `reset_password_token`, `reset_password_sent_at`, `remember_created_at`, `sign_in_count`, `current_sign_in_at`, `last_sign_in_at`, `current_sign_in_ip`, `last_sign_in_ip`, `created_at`, `updated_at`, `username`)
VALUES
	(1,'shad6ster@gmail.com','$2a$10$ET6iS6505m82ZqbVJirKrO3ADlA5LKBSplgb3cTy/ITGlfoxij/D.',NULL,NULL,NULL,13,'2011-10-19 12:13:51','2011-10-16 07:00:37','41.0.41.66','41.177.91.48','2011-09-01 02:06:50','2011-10-19 12:13:51','sanjuro');

/*!40000 ALTER TABLE `admin_user` ENABLE KEYS */;
UNLOCK TABLES;


# Dump of table asset
# ------------------------------------------------------------

LOCK TABLES `asset` WRITE;
/*!40000 ALTER TABLE `asset` DISABLE KEYS */;

INSERT INTO `asset` (`id`, `viewable_id`, `viewable_type`, `attachment_content_type`, `attachment_file_name`, `attachment_size`, `position`, `type`, `attachment_updated_at`, `attachment_width`, `attachment_height`)
VALUES
	(1,1,NULL,NULL,'eav_box_tabs.jpg',16,10,NULL,NULL,NULL,NULL);

/*!40000 ALTER TABLE `asset` ENABLE KEYS */;
UNLOCK TABLES;


# Dump of table category
# ------------------------------------------------------------

LOCK TABLES `category` WRITE;
/*!40000 ALTER TABLE `category` DISABLE KEYS */;

INSERT INTO `category` (`id`, `title`)
VALUES
	(1,'airtime');

/*!40000 ALTER TABLE `category` ENABLE KEYS */;
UNLOCK TABLES;


# Dump of table client
# ------------------------------------------------------------

LOCK TABLES `client` WRITE;
/*!40000 ALTER TABLE `client` DISABLE KEYS */;

INSERT INTO `client` (`id`, `client_type_id`, `unique_id`, `registered_name`, `email_address`, `tax`, `telephone`, `url`, `token`, `created_at`, `updated_at`)
VALUES
	(1,NULL,NULL,'Mo Seller Inc.','shad6ster@gmail.com',1,NULL,NULL,NULL,'2011-09-01 02:06:49','2011-09-01 02:06:49');

/*!40000 ALTER TABLE `client` ENABLE KEYS */;
UNLOCK TABLES;


# Dump of table client_type
# ------------------------------------------------------------



# Dump of table contact
# ------------------------------------------------------------

LOCK TABLES `contact` WRITE;
/*!40000 ALTER TABLE `contact` DISABLE KEYS */;

INSERT INTO `contact` (`id`, `client_id`, `contact_type_id`, `contact_name`, `contact_email`, `contact_number`, `created_at`, `updated_at`)
VALUES
	(1,NULL,1,'Shadley Wentzel','shad6ster@gmail.com',NULL,'2011-09-01 02:06:49','2011-09-01 02:06:49');

/*!40000 ALTER TABLE `contact` ENABLE KEYS */;
UNLOCK TABLES;


# Dump of table contact_type
# ------------------------------------------------------------

LOCK TABLES `contact_type` WRITE;
/*!40000 ALTER TABLE `contact_type` DISABLE KEYS */;

INSERT INTO `contact_type` (`id`, `title`)
VALUES
	(2,'primary');

/*!40000 ALTER TABLE `contact_type` ENABLE KEYS */;
UNLOCK TABLES;


# Dump of table creditcards
# ------------------------------------------------------------

LOCK TABLES `creditcards` WRITE;
/*!40000 ALTER TABLE `creditcards` DISABLE KEYS */;

INSERT INTO `creditcards` (`id`, `number`, `month`, `year`, `verification_value`, `cc_type`, `display_number`, `first_name`, `last_name`, `created_at`, `updated_at`, `start_month`, `start_year`, `issue_number`, `address_id`)
VALUES
	(1,'1234123412341234','03','2013','123\n','Visa',NULL,'Shadley','Wentzel',NULL,NULL,NULL,NULL,NULL,NULL);

/*!40000 ALTER TABLE `creditcards` ENABLE KEYS */;
UNLOCK TABLES;


# Dump of table gateway
# ------------------------------------------------------------



# Dump of table inventory_level
# ------------------------------------------------------------

LOCK TABLES `inventory_level` WRITE;
/*!40000 ALTER TABLE `inventory_level` DISABLE KEYS */;

INSERT INTO `inventory_level` (`id`, `product_source_id`, `clazz`, `stock_level`, `deleted_at`, `created_at`, `updated_at`)
VALUES
	(1,2,'FreepaidInventory',74.46,NULL,'2011-09-01 02:06:50','2011-10-20 21:16:27');

/*!40000 ALTER TABLE `inventory_level` ENABLE KEYS */;
UNLOCK TABLES;


# Dump of table invoice
# ------------------------------------------------------------

LOCK TABLES `invoice` WRITE;
/*!40000 ALTER TABLE `invoice` DISABLE KEYS */;

INSERT INTO `invoice` (`id`, `user_id`, `order_id`, `margin`, `sub_total`, `tax`, `total`, `date_paid`, `email`, `state`, `invoice_type_id`, `created_at`, `updated_at`)
VALUES
	(1,1,1,0.00,47.40,0.00,47.40,NULL,'shad6ster@gmail.com','created',NULL,'2011-10-06 16:10:53','2011-10-06 16:10:53'),
	(3,1,5,0.00,29.00,0.00,29.00,NULL,'shad6ster@gmail.com','created',NULL,'2011-10-08 17:40:19','2011-10-08 17:40:19'),
	(4,1,7,0.00,27.50,0.00,27.50,NULL,'shad6ster@gmail.com','created',NULL,'2011-10-09 18:25:42','2011-10-09 18:25:42'),
	(5,1,8,0.00,27.50,0.00,27.50,NULL,'shad6ster@gmail.com','created',NULL,'2011-10-09 18:35:26','2011-10-09 18:35:26'),
	(6,1,9,0.00,27.50,0.00,27.50,NULL,'shad6ster@gmail.com','created',NULL,'2011-10-09 18:41:32','2011-10-09 18:41:32'),
	(7,1,10,0.00,27.50,0.00,27.50,NULL,'shad6ster@gmail.com','created',NULL,'2011-10-09 18:44:55','2011-10-09 18:44:55'),
	(8,1,11,0.00,4.80,0.00,4.80,NULL,'shad6ster@gmail.com','created',NULL,'2011-10-09 19:03:07','2011-10-09 19:03:07'),
	(9,1,12,0.00,29.00,0.00,29.00,NULL,'shad6ster@gmail.com','created',NULL,'2011-10-10 17:31:43','2011-10-10 17:31:43'),
	(10,1,13,0.00,46.54,0.00,46.54,NULL,'shad6ster@gmail.com','created',NULL,'2011-10-11 15:56:56','2011-10-11 15:56:56'),
	(11,1,14,0.00,105.00,0.00,105.00,NULL,'shad6ster@gmail.com','created',NULL,'2011-10-11 17:05:10','2011-10-11 17:05:10'),
	(12,1,15,0.00,11.32,0.00,11.32,NULL,'shad6ster@gmail.com','created',NULL,'2011-10-11 17:54:39','2011-10-11 17:54:39'),
	(13,3,16,0.00,11.32,0.00,11.32,NULL,'uzair.dramat@gmail.com','created',NULL,'2011-10-11 18:55:21','2011-10-11 18:55:21'),
	(14,3,18,0.00,4.80,0.00,4.80,NULL,'uzair.dramat@gmail.com','created',NULL,'2011-10-12 05:15:44','2011-10-12 05:15:44'),
	(15,1,19,0.00,52.57,0.00,52.57,NULL,'shad6ster@gmail.com','created',NULL,'2011-10-12 08:23:31','2011-10-12 08:23:31'),
	(16,1,20,0.00,9.51,0.00,9.51,NULL,'shad6ster@gmail.com','created',NULL,'2011-10-12 10:01:38','2011-10-12 10:01:38'),
	(17,1,21,0.00,27.50,0.00,27.50,NULL,'shad6ster@gmail.com','created',NULL,'2011-10-13 07:28:37','2011-10-13 07:28:37'),
	(18,1,22,0.00,23.90,0.00,23.90,NULL,'shad6ster@gmail.com','created',NULL,'2011-10-13 07:31:07','2011-10-13 07:31:07'),
	(19,6,25,0.00,4.80,0.00,4.80,NULL,'wafeequah@mobileemail.vodafonesa.co.za','created',NULL,'2011-10-14 09:06:05','2011-10-14 09:06:05'),
	(20,1,26,0.00,9.51,0.00,9.51,NULL,'shad6ster@gmail.com','created',NULL,'2011-10-14 10:03:52','2011-10-14 10:03:52'),
	(21,6,27,0.00,9.41,0.00,9.41,NULL,'wafeequah@mobileemail.vodafonesa.co.za','created',NULL,'2011-10-14 18:06:50','2011-10-14 18:06:50'),
	(22,6,28,0.00,11.32,0.00,11.32,NULL,'wafeequah@mobileemail.vodafonesa.co.za','created',NULL,'2011-10-14 19:35:47','2011-10-14 19:35:47'),
	(23,1,29,0.00,11.32,0.00,11.32,NULL,'shad6ster@gmail.com','created',NULL,'2011-10-15 17:10:28','2011-10-15 17:10:28'),
	(24,6,30,0.00,11.32,0.00,11.32,NULL,'wafeequah@mobileemail.vodafonesa.co.za','created',NULL,'2011-10-16 12:08:09','2011-10-16 12:08:10'),
	(25,6,31,0.00,11.32,0.00,11.32,NULL,'wafeequah@mobileemail.vodafonesa.co.za','created',NULL,'2011-10-16 18:38:34','2011-10-16 18:38:34'),
	(26,6,32,0.00,11.32,0.00,11.32,NULL,'wafeequah@mobileemail.vodafonesa.co.za','created',NULL,'2011-10-17 14:42:12','2011-10-17 14:42:12'),
	(27,1,33,0.00,47.40,0.00,47.40,NULL,'shad6ster@gmail.com','created',NULL,'2011-10-18 16:14:09','2011-10-18 16:14:09'),
	(28,6,34,0.00,11.32,0.00,11.32,NULL,'wafeequah@mobileemail.vodafonesa.co.za','created',NULL,'2011-10-18 19:08:48','2011-10-18 19:08:48'),
	(29,1,35,0.00,14.50,0.00,14.50,NULL,'shad6ster@gmail.com','created',NULL,'2011-10-19 10:43:26','2011-10-19 10:43:26'),
	(30,6,37,0.00,9.51,0.00,9.51,NULL,'wafeequah@mobileemail.vodafonesa.co.za','created',NULL,'2011-10-19 19:03:45','2011-10-19 19:03:45'),
	(31,6,38,0.00,9.48,0.00,9.48,NULL,'wafeequah@mobileemail.vodafonesa.co.za','created',NULL,'2011-10-19 19:47:54','2011-10-19 19:47:54'),
	(32,6,39,0.00,9.48,0.00,9.48,NULL,'wafeequah@mobileemail.vodafonesa.co.za','created',NULL,'2011-10-20 07:24:06','2011-10-20 07:24:06'),
	(33,1,40,0.00,52.57,0.00,52.57,NULL,'shad6ster@gmail.com','created',NULL,'2011-10-20 09:23:52','2011-10-20 09:23:52'),
	(34,6,41,0.00,4.80,0.00,4.80,NULL,'wafeequah@mobileemail.vodafonesa.co.za','created',NULL,'2011-10-20 14:25:23','2011-10-20 14:25:23'),
	(35,1,43,0.00,56.48,0.00,56.48,NULL,'shad6ster@gmail.com','created',NULL,'2011-10-20 17:20:22','2011-10-20 17:20:22'),
	(36,6,44,0.00,57.37,0.00,57.37,NULL,'wafeequah@mobileemail.vodafonesa.co.za','created',NULL,'2011-10-20 18:01:02','2011-10-20 18:01:02'),
	(37,6,45,0.00,57.37,0.00,57.37,NULL,'wafeequah@mobileemail.vodafonesa.co.za','created',NULL,'2011-10-20 18:06:34','2011-10-20 18:06:34'),
	(38,1,47,0.00,4.80,0.00,4.80,NULL,'shad6ster@gmail.com','created',NULL,'2011-10-20 21:02:02','2011-10-20 21:02:02'),
	(39,6,46,0.00,9.41,0.00,9.41,NULL,'wafeequah@mobileemail.vodafonesa.co.za','created',NULL,'2011-10-20 21:16:27','2011-10-20 21:16:27');

/*!40000 ALTER TABLE `invoice` ENABLE KEYS */;
UNLOCK TABLES;


# Dump of table invoice_item
# ------------------------------------------------------------

LOCK TABLES `invoice_item` WRITE;
/*!40000 ALTER TABLE `invoice_item` DISABLE KEYS */;

INSERT INTO `invoice_item` (`id`, `invoice_id`, `description`, `total`, `created_at`, `updated_at`)
VALUES
	(1,1,'FREEPAID0000CELL10',47.40,'2011-10-06 16:10:53','2011-10-06 16:10:53'),
	(3,3,'FREEPAID0000MTN30',29.00,'2011-10-08 17:40:19','2011-10-08 17:40:19'),
	(4,4,'FREEPAID0000VOD29',27.50,'2011-10-09 18:25:42','2011-10-09 18:25:42'),
	(5,5,'FREEPAID0000VOD29',27.50,'2011-10-09 18:35:26','2011-10-09 18:35:26'),
	(6,6,'FREEPAID0000VOD29',27.50,'2011-10-09 18:41:32','2011-10-09 18:41:32'),
	(7,7,'FREEPAID0000VOD29',27.50,'2011-10-09 18:44:55','2011-10-09 18:44:55'),
	(8,8,'FREEPAID00000VOD5',4.80,'2011-10-09 19:03:07','2011-10-09 19:03:07'),
	(9,9,'FREEPAID0000MTN30',29.00,'2011-10-10 17:31:43','2011-10-10 17:31:43'),
	(10,10,'FREEPAID0000VOD12',22.64,'2011-10-11 15:56:56','2011-10-11 15:56:56'),
	(11,10,'FREEPAID0000CELL25',23.90,'2011-10-11 15:56:56','2011-10-11 15:56:56'),
	(12,11,'FREEPAID000VOD110',105.00,'2011-10-11 17:05:10','2011-10-11 17:05:10'),
	(13,12,'FREEPAID0000VOD12',11.32,'2011-10-11 17:54:39','2011-10-11 17:54:39'),
	(14,13,'FREEPAID0000VOD12',11.32,'2011-10-11 18:55:21','2011-10-11 18:55:21'),
	(15,14,'FREEPAID00000VOD5',4.80,'2011-10-12 05:15:44','2011-10-12 05:15:44'),
	(16,15,'FREEPAID0000VOD55',52.57,'2011-10-12 08:23:31','2011-10-12 08:23:31'),
	(17,16,'FREEPAID0000MTN10',9.51,'2011-10-12 10:01:38','2011-10-12 10:01:38'),
	(18,17,'FREEPAID0000VOD29',27.50,'2011-10-13 07:28:37','2011-10-13 07:28:37'),
	(19,18,'FREEPAID0000CELL25',23.90,'2011-10-13 07:31:07','2011-10-13 07:31:07'),
	(20,19,'FREEPAID00000VOD5',4.80,'2011-10-14 09:06:05','2011-10-14 09:06:05'),
	(21,20,'FREEPAID0000MTN10',9.51,'2011-10-14 10:03:52','2011-10-14 10:03:52'),
	(22,21,'FREEPAID0000VOD10',9.41,'2011-10-14 18:06:50','2011-10-14 18:06:50'),
	(23,22,'FREEPAID0000VOD12',11.32,'2011-10-14 19:35:47','2011-10-14 19:35:47'),
	(24,23,'FREEPAID0000VOD12',11.32,'2011-10-15 17:10:28','2011-10-15 17:10:28'),
	(25,24,'FREEPAID0000VOD12',11.32,'2011-10-16 12:08:09','2011-10-16 12:08:09'),
	(26,25,'FREEPAID0000VOD12',11.32,'2011-10-16 18:38:34','2011-10-16 18:38:34'),
	(27,26,'FREEPAID0000VOD12',11.32,'2011-10-17 14:42:12','2011-10-17 14:42:12'),
	(28,27,'FREEPAID0000CELL10',47.40,'2011-10-18 16:14:09','2011-10-18 16:14:09'),
	(29,28,'FREEPAID0000VOD12',11.32,'2011-10-18 19:08:48','2011-10-18 19:08:48'),
	(30,29,'FREEPAID0000MTN15',14.50,'2011-10-19 10:43:26','2011-10-19 10:43:26'),
	(31,30,'FREEPAID0000MTN10',9.51,'2011-10-19 19:03:45','2011-10-19 19:03:45'),
	(32,31,'FREEPAID0000CELL10',9.48,'2011-10-19 19:47:54','2011-10-19 19:47:54'),
	(33,32,'FREEPAID0000CELL10',9.48,'2011-10-20 07:24:06','2011-10-20 07:24:06'),
	(34,33,'FREEPAID0000VOD55',52.57,'2011-10-20 09:23:52','2011-10-20 09:23:52'),
	(35,34,'FREEPAID00000VOD5',4.80,'2011-10-20 14:25:23','2011-10-20 14:25:23'),
	(36,35,'FREEPAID0000CELL50',47.00,'2011-10-20 17:20:22','2011-10-20 17:20:22'),
	(37,35,'FREEPAID0000CELL10',9.48,'2011-10-20 17:20:22','2011-10-20 17:20:22'),
	(38,36,'FREEPAID0000VOD55',52.57,'2011-10-20 18:01:02','2011-10-20 18:01:02'),
	(39,36,'FREEPAID00000VOD5',4.80,'2011-10-20 18:01:02','2011-10-20 18:01:02'),
	(40,37,'FREEPAID0000VOD55',52.57,'2011-10-20 18:06:34','2011-10-20 18:06:34'),
	(41,37,'FREEPAID00000VOD5',4.80,'2011-10-20 18:06:34','2011-10-20 18:06:34'),
	(42,38,'FREEPAID00000VOD5',4.80,'2011-10-20 21:02:02','2011-10-20 21:02:02'),
	(43,39,'FREEPAID0000VOD10',9.41,'2011-10-20 21:16:27','2011-10-20 21:16:27');

/*!40000 ALTER TABLE `invoice_item` ENABLE KEYS */;
UNLOCK TABLES;


# Dump of table invoice_type
# ------------------------------------------------------------



# Dump of table location
# ------------------------------------------------------------

LOCK TABLES `location` WRITE;
/*!40000 ALTER TABLE `location` DISABLE KEYS */;

INSERT INTO `location` (`id`, `client_id`, `location_type_id`, `address1`, `address2`, `address3`, `address4`, `latitude`, `longitude`, `created_at`, `updated_at`)
VALUES
	(1,NULL,1,'Blue House','23 Jump Street','Jumpville','Cape Town','11232.12323','12312312.123213','2011-09-01 02:06:49','2011-09-01 02:06:49');

/*!40000 ALTER TABLE `location` ENABLE KEYS */;
UNLOCK TABLES;


# Dump of table location_type
# ------------------------------------------------------------

LOCK TABLES `location_type` WRITE;
/*!40000 ALTER TABLE `location_type` DISABLE KEYS */;

INSERT INTO `location_type` (`id`, `title`)
VALUES
	(1,'postal'),
	(2,'physical');

/*!40000 ALTER TABLE `location_type` ENABLE KEYS */;
UNLOCK TABLES;


# Dump of table option_type
# ------------------------------------------------------------

LOCK TABLES `option_type` WRITE;
/*!40000 ALTER TABLE `option_type` DISABLE KEYS */;

INSERT INTO `option_type` (`id`, `name`, `presentation`, `created_at`, `updated_at`)
VALUES
	(1,'voucher_amount','Voucher',NULL,NULL);

/*!40000 ALTER TABLE `option_type` ENABLE KEYS */;
UNLOCK TABLES;


# Dump of table option_value
# ------------------------------------------------------------

LOCK TABLES `option_value` WRITE;
/*!40000 ALTER TABLE `option_value` DISABLE KEYS */;

INSERT INTO `option_value` (`id`, `option_type_id`, `name`, `position`, `presentation`, `created_at`, `updated_at`)
VALUES
	(1,1,'voucher_amount_2',10,'R2.00',NULL,NULL),
	(2,1,'voucher_amount_5',20,'R5.00',NULL,NULL),
	(3,1,'voucher_amount_10',30,'R10.00',NULL,NULL),
	(4,1,'voucher_amount_12',50,'R12.00',NULL,NULL),
	(5,1,'voucher_amount_15',40,'R15.00',NULL,NULL),
	(6,1,'voucher_amount_29',60,'R29.00',NULL,NULL),
	(7,1,'voucher_amount_30',70,'R30.00',NULL,NULL),
	(8,1,'voucher_amount_55',80,'R55.00',NULL,NULL),
	(9,1,'voucher_amount_60',90,'R60.00',NULL,NULL),
	(10,1,'voucher_amount_70',100,'R70.00',NULL,NULL),
	(11,1,'voucher_amount_80',110,'R80.00',NULL,NULL),
	(12,1,'voucher_amount_99',120,'R99.00',NULL,NULL),
	(13,1,'voucher_amount_100',130,'R100.00',NULL,NULL),
	(14,1,'voucher_amount_110',140,'R110.00',NULL,NULL),
	(15,1,'voucher_amount_120',150,'R120.00',NULL,NULL),
	(16,1,'voucher_amount_150',160,'R150.00',NULL,NULL),
	(17,1,'voucher_amount_180',170,'R180.00',NULL,NULL),
	(18,1,'voucher_amount_200',180,'R200.00',NULL,NULL),
	(19,1,'voucher_amount_250',190,'R250.00',NULL,NULL),
	(20,1,'voucher_amount_275',200,'R275.00',NULL,NULL),
	(21,1,'voucher_amount_1100',210,'R1100.00',NULL,NULL),
	(22,1,'voucher_amount_25',220,'R25.00',NULL,NULL),
	(23,1,'voucher_amount_35',230,'R35.00',NULL,NULL),
	(24,1,'voucher_amount_50',240,'R50.00',NULL,NULL),
	(25,1,'voucher_amount_20',20,'R20.00\n',NULL,NULL);

/*!40000 ALTER TABLE `option_value` ENABLE KEYS */;
UNLOCK TABLES;


# Dump of table option_value_variant
# ------------------------------------------------------------

LOCK TABLES `option_value_variant` WRITE;
/*!40000 ALTER TABLE `option_value_variant` DISABLE KEYS */;

INSERT INTO `option_value_variant` (`variant_id`, `option_value_id`)
VALUES
	(1,1),
	(2,2),
	(3,3),
	(4,4),
	(5,6),
	(6,8),
	(7,14),
	(8,20),
	(9,21),
	(10,2),
	(11,3),
	(12,5),
	(13,7),
	(14,9),
	(15,17),
	(16,2),
	(17,3),
	(18,22),
	(19,23),
	(20,24),
	(21,10),
	(22,16),
	(23,5),
	(24,23),
	(25,24),
	(26,11),
	(27,12),
	(28,15),
	(29,17),
	(30,2),
	(31,3),
	(32,25),
	(33,7),
	(34,24),
	(35,13),
	(36,19);

/*!40000 ALTER TABLE `option_value_variant` ENABLE KEYS */;
UNLOCK TABLES;


# Dump of table order
# ------------------------------------------------------------

LOCK TABLES `order` WRITE;
/*!40000 ALTER TABLE `order` DISABLE KEYS */;

INSERT INTO `order` (`id`, `supplier_id`, `client_id`, `user_id`, `number`, `item_total`, `customer_total`, `billing_total`, `full_total`, `email`, `mobile_number`, `customer_name`, `created_at`, `updated_at`, `completed_at`, `state`, `token`, `adjustment_total`, `credit_total`)
VALUES
	(1,NULL,NULL,1,'R573532535',47.40,47.40,47.40,47.40,'Frank.wentzel@capetown.gov.za','','Frank Wentzel','2011-10-06 16:09:46','2011-10-06 16:10:52','2011-10-06 16:10:52','complete',NULL,0.00,0.00),
	(5,NULL,NULL,1,'R422225082',29.00,29.00,29.00,29.00,'Junaid.april@gmail.com','0719720493 ','Junaid April','2011-10-08 17:39:31','2011-10-08 17:40:18','2011-10-08 17:40:18','complete',NULL,0.00,0.00),
	(6,NULL,NULL,1,'R744123230',27.50,27.50,27.50,27.50,'','','','2011-10-09 11:53:11','2011-10-09 11:54:30',NULL,'confirm',NULL,0.00,0.00),
	(7,NULL,NULL,1,'R062404784',27.50,27.50,27.50,27.50,'Shad6ster@gmail.com','0723732936','Aunty Joyce','2011-10-09 18:24:04','2011-10-09 18:25:41','2011-10-09 18:25:41','complete',NULL,0.00,0.00),
	(8,NULL,NULL,1,'R820712523',27.50,27.50,27.50,27.50,'shad6ster@gmail.com','0723732936','Aunty Joyce','2011-10-09 18:34:47','2011-10-09 18:35:26','2011-10-09 18:35:26','complete',NULL,0.00,0.00),
	(9,NULL,NULL,1,'R162265241',27.50,27.50,27.50,27.50,'shad6ster@gmail.com','0723732936','Aunty Joyce','2011-10-09 18:41:08','2011-10-09 18:41:32','2011-10-09 18:41:32','complete',NULL,0.00,0.00),
	(10,NULL,NULL,1,'R716288571',27.50,27.50,27.50,27.50,'','','','2011-10-09 18:44:42','2011-10-09 18:44:55','2011-10-09 18:44:55','complete',NULL,0.00,0.00),
	(11,NULL,NULL,1,'R868642644',4.80,4.80,4.80,4.80,'','','','2011-10-09 19:01:51','2011-10-09 19:03:06','2011-10-09 19:03:06','complete',NULL,0.00,0.00),
	(12,NULL,NULL,1,'R618827615',29.00,29.00,29.00,29.00,'Junaid.april@gmail.com','','Junaid April','2011-10-10 14:20:32','2011-10-10 17:31:42','2011-10-10 17:31:42','complete',NULL,0.00,0.00),
	(13,NULL,NULL,1,'R128875065',46.54,46.54,46.54,46.54,'Shad6ster@gmail.com','0720171670','Keasha','2011-10-11 15:54:36','2011-10-11 15:56:56','2011-10-11 15:56:56','complete',NULL,0.00,0.00),
	(14,NULL,NULL,1,'R132162883',105.00,105.00,105.00,105.00,'S.dramat@gmail.com','0823255899','Shaheda Dramat','2011-10-11 17:03:54','2011-10-11 17:05:10','2011-10-11 17:05:10','complete',NULL,0.00,0.00),
	(15,NULL,NULL,1,'R746628365',11.32,11.32,11.32,11.32,'','','','2011-10-11 17:37:38','2011-10-11 17:54:39','2011-10-11 17:54:39','complete',NULL,0.00,0.00),
	(16,NULL,NULL,3,'R823751746',11.32,11.32,11.32,11.32,'','','','2011-10-11 18:50:53','2011-10-11 18:55:21','2011-10-11 18:55:21','complete',NULL,0.00,0.00),
	(17,NULL,NULL,3,'R055585747',105.00,105.00,105.00,105.00,'uzair.dramat@gmail.com',NULL,NULL,'2011-10-11 19:54:14','2011-10-11 19:54:31',NULL,'delivery',NULL,0.00,0.00),
	(18,NULL,NULL,3,'R378711573',4.80,4.80,4.80,4.80,'','','lornie','2011-10-12 05:15:23','2011-10-12 05:15:44','2011-10-12 05:15:44','complete',NULL,0.00,0.00),
	(19,NULL,NULL,1,'R163445487',52.57,52.57,52.57,52.57,'shafieka@eset.co.za','0799614935','Shafieka','2011-10-12 08:22:36','2011-10-12 08:23:31','2011-10-12 08:23:31','complete',NULL,0.00,0.00),
	(20,NULL,NULL,1,'R134566427',9.51,9.51,9.51,9.51,'Shirley@eset.co.za','0737565220','Shirley','2011-10-12 10:00:44','2011-10-12 10:01:38','2011-10-12 10:01:38','complete',NULL,0.00,0.00),
	(21,NULL,NULL,1,'R820724777',27.50,27.50,27.50,27.50,'shad6ster@gmail.com','','Wafieka','2011-10-13 07:28:04','2011-10-13 07:28:36','2011-10-13 07:28:36','complete',NULL,0.00,0.00),
	(22,NULL,NULL,1,'R177452373',23.90,23.90,23.90,23.90,'shad6ster@gmail.com','','Shafieka','2011-10-13 07:30:33','2011-10-13 07:31:07','2011-10-13 07:31:07','complete',NULL,0.00,0.00),
	(23,NULL,NULL,6,'R027417527',0.00,0.00,0.00,0.00,'wafeequah@mobileemail.vodafone',NULL,NULL,'2011-10-13 07:56:11','2011-10-13 07:56:11',NULL,'cart',NULL,0.00,0.00),
	(24,NULL,NULL,6,'R811542704',0.00,0.00,0.00,0.00,'','','','2011-10-13 14:21:34','2011-10-13 14:23:44',NULL,'confirm',NULL,0.00,0.00),
	(25,NULL,NULL,6,'R742411283',4.80,4.80,4.80,4.80,'Shaakirah.Adams@renniestravel.','0827864145','shakierah','2011-10-14 09:02:33','2011-10-14 09:06:05','2011-10-14 09:06:05','complete',NULL,0.00,0.00),
	(26,NULL,NULL,1,'R152684785',9.51,9.51,9.51,9.51,'Shad6ster@gmail.com','0737565220','Shirley','2011-10-14 10:03:00','2011-10-14 10:03:52','2011-10-14 10:03:52','complete',NULL,0.00,0.00),
	(27,NULL,NULL,6,'R788187623',9.41,9.41,9.41,9.41,'','0793691890','','2011-10-14 18:05:19','2011-10-14 18:06:50','2011-10-14 18:06:50','complete',NULL,0.00,0.00),
	(28,NULL,NULL,6,'R750475218',11.32,11.32,11.32,11.32,'','','tasneem','2011-10-14 19:34:35','2011-10-14 19:35:47','2011-10-14 19:35:47','complete',NULL,0.00,0.00),
	(29,NULL,NULL,1,'R320726081',11.32,11.32,11.32,11.32,'Shad6ster@gmail.com','0714132333','Lornie','2011-10-15 17:09:35','2011-10-15 17:10:27','2011-10-15 17:10:27','complete',NULL,0.00,0.00),
	(30,NULL,NULL,6,'R822253785',11.32,11.32,11.32,11.32,'','','','2011-10-16 12:06:19','2011-10-16 12:08:09','2011-10-16 12:08:09','complete',NULL,0.00,0.00),
	(31,NULL,NULL,6,'R533708381',11.32,11.32,11.32,11.32,'','','','2011-10-16 18:36:22','2011-10-16 18:38:34','2011-10-16 18:38:34','complete',NULL,0.00,0.00),
	(32,NULL,NULL,6,'R088803644',11.32,11.32,11.32,11.32,'','','','2011-10-17 14:41:54','2011-10-17 14:42:12','2011-10-17 14:42:12','complete',NULL,0.00,0.00),
	(33,NULL,NULL,1,'R326265227',47.40,47.40,47.40,47.40,'Shad6ster@gmail.com','','Cherry Wentzel','2011-10-18 16:12:50','2011-10-18 16:14:09','2011-10-18 16:14:09','complete',NULL,0.00,0.00),
	(34,NULL,NULL,6,'R486101031',11.32,11.32,11.32,11.32,'','','','2011-10-18 19:03:31','2011-10-18 19:08:48','2011-10-18 19:08:48','complete',NULL,0.00,0.00),
	(35,NULL,NULL,1,'R136648801',14.50,14.50,14.50,14.50,'Shad6stet@gmail.com','0780008926','MaMa','2011-10-19 10:42:34','2011-10-19 10:43:25','2011-10-19 10:43:25','complete',NULL,0.00,0.00),
	(36,NULL,NULL,1,'R276101860',14.50,14.50,14.50,14.50,'shad6ster@gmail.com',NULL,NULL,'2011-10-19 16:06:11','2011-10-19 16:06:11',NULL,'cart',NULL,0.00,0.00),
	(37,NULL,NULL,6,'R572250734',9.51,9.51,9.51,9.51,'','','','2011-10-19 19:03:00','2011-10-19 19:03:45','2011-10-19 19:03:45','complete',NULL,0.00,0.00),
	(38,NULL,NULL,6,'R877401513',9.48,9.48,9.48,9.48,'','','','2011-10-19 19:46:55','2011-10-19 19:47:53','2011-10-19 19:47:53','complete',NULL,0.00,0.00),
	(39,NULL,NULL,6,'R158106500',9.48,9.48,9.48,9.48,'','','nieyaaz','2011-10-20 07:23:07','2011-10-20 07:24:05','2011-10-20 07:24:05','complete',NULL,0.00,0.00),
	(40,NULL,NULL,1,'R468140047',52.57,52.57,52.57,52.57,'Meganjohannes31@gmail.com','27848037916','Megan','2011-10-20 09:22:38','2011-10-20 09:23:52','2011-10-20 09:23:52','complete',NULL,0.00,0.00),
	(41,NULL,NULL,6,'R804287217',4.80,4.80,4.80,4.80,'','0793691890','','2011-10-20 14:24:48','2011-10-20 14:25:23','2011-10-20 14:25:23','complete',NULL,0.00,0.00),
	(42,NULL,NULL,1,'R673504681',27.50,27.50,27.50,27.50,'Shad6ster@gmail.com','27848037916','Megan','2011-10-20 17:01:27','2011-10-20 17:02:07',NULL,'confirm',NULL,0.00,0.00),
	(43,NULL,NULL,1,'R232761773',56.48,56.48,56.48,56.48,'Junaid.april@gmail.com','27846630662','Junaid April','2011-10-20 17:19:07','2011-10-20 17:20:21','2011-10-20 17:20:21','complete',NULL,0.00,0.00),
	(44,NULL,NULL,6,'R640138781',57.37,57.37,57.37,57.37,'','','','2011-10-20 17:56:02','2011-10-20 18:01:02','2011-10-20 18:01:02','complete',NULL,0.00,0.00),
	(45,NULL,NULL,6,'R611102015',57.37,57.37,57.37,57.37,'','','','2011-10-20 18:04:31','2011-10-20 18:06:34','2011-10-20 18:06:34','complete',NULL,0.00,0.00),
	(46,NULL,NULL,6,'R122735542',9.41,9.41,9.41,9.41,'','','','2011-10-20 20:51:23','2011-10-20 21:16:27','2011-10-20 21:16:27','complete',NULL,0.00,0.00),
	(47,NULL,NULL,1,'R276802010',4.80,4.80,4.80,4.80,'shad6ster@gmail.com','27722158889','Radhia','2011-10-20 21:01:38','2011-10-20 21:02:01','2011-10-20 21:02:01','complete',NULL,0.00,0.00);

/*!40000 ALTER TABLE `order` ENABLE KEYS */;
UNLOCK TABLES;


# Dump of table order_item
# ------------------------------------------------------------

LOCK TABLES `order_item` WRITE;
/*!40000 ALTER TABLE `order_item` DISABLE KEYS */;

INSERT INTO `order_item` (`id`, `order_id`, `product_id`, `variant_id`, `quantity`, `customer_price`, `billing_price`, `full_price`, `created_at`, `updated_at`)
VALUES
	(1,1,3,17,5,9.48,9.48,0.00,'2011-10-06 16:09:46','2011-10-06 16:10:37'),
	(9,5,2,13,1,29.00,29.00,0.00,'2011-10-08 17:39:31','2011-10-08 17:40:08'),
	(10,6,NULL,5,1,27.50,27.50,0.00,'2011-10-09 11:53:11','2011-10-09 11:53:11'),
	(11,7,1,5,1,27.50,27.50,0.00,'2011-10-09 18:24:23','2011-10-09 18:25:36'),
	(12,8,1,5,1,27.50,27.50,0.00,'2011-10-09 18:34:47','2011-10-09 18:35:21'),
	(13,9,1,5,1,27.50,27.50,0.00,'2011-10-09 18:41:08','2011-10-09 18:41:24'),
	(14,10,1,5,1,27.50,27.50,0.00,'2011-10-09 18:44:42','2011-10-09 18:44:50'),
	(15,11,1,2,1,4.80,4.80,0.00,'2011-10-09 19:01:51','2011-10-09 19:02:47'),
	(18,12,2,13,1,29.00,29.00,0.00,'2011-10-10 17:30:52','2011-10-10 17:31:36'),
	(19,13,1,4,2,11.32,11.32,0.00,'2011-10-11 15:54:36','2011-10-11 15:56:46'),
	(20,13,3,18,1,23.90,23.90,0.00,'2011-10-11 15:55:04','2011-10-11 15:56:52'),
	(21,14,1,7,1,105.00,105.00,0.00,'2011-10-11 17:03:54','2011-10-11 17:05:07'),
	(23,15,1,4,1,11.32,11.32,0.00,'2011-10-11 17:54:01','2011-10-11 17:54:36'),
	(29,16,1,4,1,11.32,11.32,0.00,'2011-10-11 18:54:33','2011-10-11 18:55:18'),
	(30,17,NULL,7,1,105.00,105.00,0.00,'2011-10-11 19:54:22','2011-10-11 19:54:22'),
	(31,18,1,2,1,4.80,4.80,0.00,'2011-10-12 05:15:23','2011-10-12 05:15:41'),
	(32,19,1,6,1,52.57,52.57,0.00,'2011-10-12 08:22:36','2011-10-12 08:23:27'),
	(33,20,2,11,1,9.51,9.51,0.00,'2011-10-12 10:00:44','2011-10-12 10:01:34'),
	(34,21,1,5,1,27.50,27.50,0.00,'2011-10-13 07:28:04','2011-10-13 07:28:32'),
	(35,22,3,18,1,23.90,23.90,0.00,'2011-10-13 07:30:33','2011-10-13 07:31:00'),
	(37,25,1,2,1,4.80,4.80,0.00,'2011-10-14 09:02:33','2011-10-14 09:06:01'),
	(38,26,2,11,1,9.51,9.51,0.00,'2011-10-14 10:03:00','2011-10-14 10:03:48'),
	(39,27,1,3,1,9.41,9.41,0.00,'2011-10-14 18:05:19','2011-10-14 18:06:47'),
	(40,28,1,4,1,11.32,11.32,0.00,'2011-10-14 19:34:35','2011-10-14 19:35:44'),
	(41,29,1,4,1,11.32,11.32,0.00,'2011-10-15 17:09:35','2011-10-15 17:10:24'),
	(42,30,1,4,1,11.32,11.32,0.00,'2011-10-16 12:06:19','2011-10-16 12:08:05'),
	(43,31,1,4,1,11.32,11.32,0.00,'2011-10-16 18:36:22','2011-10-16 18:38:31'),
	(44,32,1,4,1,11.32,11.32,0.00,'2011-10-17 14:41:54','2011-10-17 14:42:08'),
	(45,33,3,17,5,9.48,9.48,0.00,'2011-10-18 16:12:51','2011-10-18 16:13:53'),
	(46,34,1,4,1,11.32,11.32,0.00,'2011-10-18 19:06:46','2011-10-18 19:08:45'),
	(47,35,2,12,1,14.50,14.50,0.00,'2011-10-19 10:42:34','2011-10-19 10:43:21'),
	(48,36,NULL,12,1,14.50,14.50,0.00,'2011-10-19 16:06:11','2011-10-19 16:06:11'),
	(49,37,2,11,1,9.51,9.51,0.00,'2011-10-19 19:03:00','2011-10-19 19:03:42'),
	(50,38,3,17,1,9.48,9.48,0.00,'2011-10-19 19:46:55','2011-10-19 19:47:50'),
	(51,39,3,17,1,9.48,9.48,0.00,'2011-10-20 07:23:07','2011-10-20 07:24:01'),
	(52,40,1,6,1,52.57,52.57,0.00,'2011-10-20 09:22:38','2011-10-20 09:23:48'),
	(53,41,1,2,1,4.80,4.80,0.00,'2011-10-20 14:24:48','2011-10-20 14:25:16'),
	(54,42,NULL,5,1,27.50,27.50,0.00,'2011-10-20 17:01:27','2011-10-20 17:01:27'),
	(55,43,3,20,1,47.00,47.00,0.00,'2011-10-20 17:19:07','2011-10-20 17:20:14'),
	(56,43,3,17,1,9.48,9.48,0.00,'2011-10-20 17:19:25','2011-10-20 17:20:18'),
	(57,44,1,6,1,52.57,52.57,0.00,'2011-10-20 17:58:14','2011-10-20 18:00:56'),
	(58,44,1,2,1,4.80,4.80,0.00,'2011-10-20 17:59:21','2011-10-20 18:00:59'),
	(59,45,1,6,1,52.57,52.57,0.00,'2011-10-20 18:04:31','2011-10-20 18:06:28'),
	(60,45,1,2,1,4.80,4.80,0.00,'2011-10-20 18:05:06','2011-10-20 18:06:31'),
	(61,46,1,3,1,9.41,9.41,0.00,'2011-10-20 20:51:23','2011-10-20 21:16:24'),
	(62,47,1,2,1,4.80,4.80,0.00,'2011-10-20 21:01:38','2011-10-20 21:01:58');

/*!40000 ALTER TABLE `order_item` ENABLE KEYS */;
UNLOCK TABLES;


# Dump of table package
# ------------------------------------------------------------

LOCK TABLES `package` WRITE;
/*!40000 ALTER TABLE `package` DISABLE KEYS */;

INSERT INTO `package` (`id`, `order_item_id`, `payload`, `permalink`, `created_at`, `updated_at`)
VALUES
	(1,1,'PIN: 2706596096390, SERIAL: 701947813580',NULL,'2011-10-06 16:10:40','2011-10-06 16:10:40'),
	(2,1,'PIN: 2706115877481, SERIAL: 701947813581',NULL,'2011-10-06 16:10:43','2011-10-06 16:10:43'),
	(3,1,'PIN: 2706121003542, SERIAL: 701947813582',NULL,'2011-10-06 16:10:46','2011-10-06 16:10:46'),
	(4,1,'PIN: 2706065703731, SERIAL: 701947813583',NULL,'2011-10-06 16:10:49','2011-10-06 16:10:49'),
	(5,1,'PIN: 2706029067733, SERIAL: 701947813584',NULL,'2011-10-06 16:10:52','2011-10-06 16:10:52'),
	(6,9,'PIN: 3101959276576076, SERIAL: SABS8J7VMFHV',NULL,'2011-10-08 17:40:18','2011-10-08 17:40:18'),
	(7,15,'PIN: 467553356969, SERIAL: 6498573472',NULL,'2011-10-09 19:03:06','2011-10-09 19:03:06'),
	(8,18,'PIN: 7729092065252383, SERIAL: SAQDFFJW0F6S',NULL,'2011-10-10 17:31:42','2011-10-10 17:31:42'),
	(9,19,'PIN: 686900032773, SERIAL: 6503644516',NULL,'2011-10-11 15:56:49','2011-10-11 15:56:49'),
	(10,19,'PIN: 619610258326, SERIAL: 6503644517',NULL,'2011-10-11 15:56:52','2011-10-11 15:56:52'),
	(11,20,'PIN: 0707624628258, SERIAL: 701998926348',NULL,'2011-10-11 15:56:56','2011-10-11 15:56:56'),
	(12,21,'PIN: 781131513490, SERIAL: 6294683033',NULL,'2011-10-11 17:05:10','2011-10-11 17:05:10'),
	(13,23,'PIN: 632353599026, SERIAL: 6503644909',NULL,'2011-10-11 17:54:39','2011-10-11 17:54:39'),
	(14,29,'PIN: 964764273525, SERIAL: 6503644983',NULL,'2011-10-11 18:55:21','2011-10-11 18:55:21'),
	(15,31,'PIN: 794027365142, SERIAL: 6539543337',NULL,'2011-10-12 05:15:44','2011-10-12 05:15:44'),
	(16,32,'PIN: 324542623484, SERIAL: 6345728723',NULL,'2011-10-12 08:23:31','2011-10-12 08:23:31'),
	(17,33,'PIN: 2124801182392846, SERIAL: SATKQ49RNR30',NULL,'2011-10-12 10:01:38','2011-10-12 10:01:38'),
	(18,34,'PIN: 854933347930, SERIAL: 6551656143',NULL,'2011-10-13 07:28:36','2011-10-13 07:28:36'),
	(19,35,'PIN: 0708411202409, SERIAL: 701999005573',NULL,'2011-10-13 07:31:07','2011-10-13 07:31:07'),
	(20,37,'PIN: 384914228840, SERIAL: 6545082754',NULL,'2011-10-14 09:06:05','2011-10-14 09:06:05'),
	(21,38,'PIN: 4666518468633497, SERIAL: SAT8JDQYHKTV',NULL,'2011-10-14 10:03:52','2011-10-14 10:03:52'),
	(22,39,'PIN: 846029783268, SERIAL: 6348860466',NULL,'2011-10-14 18:06:50','2011-10-14 18:06:50'),
	(23,40,'PIN: 611353138695, SERIAL: 6526629604',NULL,'2011-10-14 19:35:47','2011-10-14 19:35:47'),
	(24,41,'PIN: 727380770382, SERIAL: 6526837374',NULL,'2011-10-15 17:10:27','2011-10-15 17:10:27'),
	(25,42,'PIN: 839748278121, SERIAL: 6526928193',NULL,'2011-10-16 12:08:09','2011-10-16 12:08:09'),
	(26,43,'PIN: 340540647114, SERIAL: 6526929063',NULL,'2011-10-16 18:38:34','2011-10-16 18:38:34'),
	(27,44,'PIN: 999511613490, SERIAL: 6527052224',NULL,'2011-10-17 14:42:12','2011-10-17 14:42:12'),
	(28,45,'PIN: 2702902753423, SERIAL: 701954447587',NULL,'2011-10-18 16:13:56','2011-10-18 16:13:56'),
	(29,45,'PIN: 2702220158732, SERIAL: 701954447588',NULL,'2011-10-18 16:13:59','2011-10-18 16:13:59'),
	(30,45,'PIN: 2702237810757, SERIAL: 701954447589',NULL,'2011-10-18 16:14:02','2011-10-18 16:14:02'),
	(31,45,'PIN: 2702370153945, SERIAL: 701954447590',NULL,'2011-10-18 16:14:06','2011-10-18 16:14:06'),
	(32,45,'PIN: 2702273079176, SERIAL: 701954447591',NULL,'2011-10-18 16:14:09','2011-10-18 16:14:09'),
	(33,46,'PIN: 832968363918, SERIAL: 6529481677',NULL,'2011-10-18 19:08:48','2011-10-18 19:08:48'),
	(34,47,'PIN: 5864278970221243, SERIAL: SAC6WNDN22DX',NULL,'2011-10-19 10:43:25','2011-10-19 10:43:25'),
	(35,49,'PIN: 2657836221476149, SERIAL: SAWBHZ5JRLT2',NULL,'2011-10-19 19:03:45','2011-10-19 19:03:45'),
	(36,50,'PIN: 2907781064576, SERIAL: 702010924408',NULL,'2011-10-19 19:47:53','2011-10-19 19:47:53'),
	(37,51,'PIN: 2909874211458, SERIAL: 702011119177',NULL,'2011-10-20 07:24:05','2011-10-20 07:24:05'),
	(38,52,'PIN: 919939768024, SERIAL: 6346389107',NULL,'2011-10-20 09:23:52','2011-10-20 09:23:52'),
	(39,53,'PIN: 878321154638, SERIAL: 6582399330',NULL,'2011-10-20 14:25:23','2011-10-20 14:25:23'),
	(41,55,'PIN: 0608592924053, SERIAL: 701809045779',NULL,'2011-10-20 17:20:18','2011-10-20 17:20:18'),
	(42,56,'PIN: 2706154812339, SERIAL: 701935820390',NULL,'2011-10-20 17:20:21','2011-10-20 17:20:21'),
	(43,57,'PIN: 860419877457, SERIAL: 6346398091',NULL,'2011-10-20 18:00:59','2011-10-20 18:00:59'),
	(44,58,'PIN: 194587646858, SERIAL: 6582556737',NULL,'2011-10-20 18:01:02','2011-10-20 18:01:02'),
	(45,59,'PIN: 964371563695, SERIAL: 6346398092',NULL,'2011-10-20 18:06:31','2011-10-20 18:06:31'),
	(46,60,'PIN: 715102105841, SERIAL: 6582556739',NULL,'2011-10-20 18:06:34','2011-10-20 18:06:34'),
	(56,62,'PIN: 175248949072, SERIAL: 6582557514',NULL,'2011-10-20 21:02:01','2011-10-20 21:02:01'),
	(57,61,'PIN: 534949069439, SERIAL: 6436664463',NULL,'2011-10-20 21:16:27','2011-10-20 21:16:27');

/*!40000 ALTER TABLE `package` ENABLE KEYS */;
UNLOCK TABLES;


# Dump of table payment
# ------------------------------------------------------------

LOCK TABLES `payment` WRITE;
/*!40000 ALTER TABLE `payment` DISABLE KEYS */;

INSERT INTO `payment` (`id`, `source_id`, `source_type`, `state`, `order_id`, `payment_method_id`, `created_at`, `updated_at`, `amount`)
VALUES
	(1,1,'Creditcard',NULL,1,1,NULL,NULL,0.00);

/*!40000 ALTER TABLE `payment` ENABLE KEYS */;
UNLOCK TABLES;


# Dump of table payment_method
# ------------------------------------------------------------

LOCK TABLES `payment_method` WRITE;
/*!40000 ALTER TABLE `payment_method` DISABLE KEYS */;

INSERT INTO `payment_method` (`id`, `type`, `name`, `display_on`, `description`, `active`, `environment`, `deleted_at`, `created_at`, `updated_at`)
VALUES
	(1,'gateway','Paypal','front_end','Paypal',1,'development',NULL,NULL,NULL);

/*!40000 ALTER TABLE `payment_method` ENABLE KEYS */;
UNLOCK TABLES;


# Dump of table product
# ------------------------------------------------------------

LOCK TABLES `product` WRITE;
/*!40000 ALTER TABLE `product` DISABLE KEYS */;

INSERT INTO `product` (`id`, `category_id`, `product_source_id`, `name`, `description`, `cost_price`, `customer_price`, `permalink`, `available_on`, `deleted_at`, `meta_description`, `meta_keywords`, `created_at`, `updated_at`)
VALUES
	(1,1,2,'Vodacom','Vodacom Airtime\n',4.56,4.80,'vodacom_5',NULL,NULL,NULL,NULL,'2011-09-01 02:06:49','2011-10-20 21:16:24'),
	(2,1,2,'MTN','MTN Airtime',4.61,4.85,'mtn_5',NULL,NULL,NULL,NULL,'2011-09-01 02:06:49','2011-10-19 19:03:42'),
	(3,1,2,'CellC','Cell C Airtime',4.55,4.81,'cellc_5',NULL,NULL,NULL,NULL,'2011-09-01 02:06:49','2011-10-20 17:20:18'),
	(4,1,2,'Virgin','Virgin Mobile Airtime',13.73,14.37,'virgin_15',NULL,NULL,NULL,NULL,'2011-09-01 02:06:49','2011-09-01 02:06:49'),
	(5,1,2,'Heita','Heita Airtime',4.58,4.82,'heita_5',NULL,NULL,NULL,NULL,'2011-09-01 02:06:49','2011-09-01 02:06:49');

/*!40000 ALTER TABLE `product` ENABLE KEYS */;
UNLOCK TABLES;


# Dump of table product_option_type
# ------------------------------------------------------------



# Dump of table product_source
# ------------------------------------------------------------

LOCK TABLES `product_source` WRITE;
/*!40000 ALTER TABLE `product_source` DISABLE KEYS */;

INSERT INTO `product_source` (`id`, `supplier_id`, `name`, `description`, `clazz`, `deleted_at`, `created_at`, `updated_at`)
VALUES
	(1,NULL,'ESET','ESET SOAP Gateway','Eset',NULL,'2011-09-01 02:06:50','2011-09-01 02:06:50'),
	(2,NULL,'Freepaid','Freepaid Airtime API','Freepaid',NULL,'2011-09-01 02:06:50','2011-09-01 02:06:50');

/*!40000 ALTER TABLE `product_source` ENABLE KEYS */;
UNLOCK TABLES;


# Dump of table schema_migrations
# ------------------------------------------------------------

LOCK TABLES `schema_migrations` WRITE;
/*!40000 ALTER TABLE `schema_migrations` DISABLE KEYS */;

INSERT INTO `schema_migrations` (`version`)
VALUES
	('20110725150933'),
	('20110725150934'),
	('20110725150935'),
	('20110725150936'),
	('20110824084915'),
	('20110905213434'),
	('20110905233449'),
	('20110905233450'),
	('20110930103738');

/*!40000 ALTER TABLE `schema_migrations` ENABLE KEYS */;
UNLOCK TABLES;


# Dump of table state_event
# ------------------------------------------------------------

LOCK TABLES `state_event` WRITE;
/*!40000 ALTER TABLE `state_event` DISABLE KEYS */;

INSERT INTO `state_event` (`id`, `order_id`, `user_id`, `name`, `created_at`, `updated_at`, `previous_state`, `next_state`)
VALUES
	(1,1,1,'order','2011-09-30 12:15:19','2011-09-30 12:15:19','cart','complete'),
	(2,NULL,1,'invoice','2011-09-30 12:15:19','2011-09-30 12:15:19','created','mailed'),
	(3,1,1,'invoice','2011-09-30 12:15:19','2011-09-30 12:15:19','processing','unpaid'),
	(4,2,1,'order','2011-10-02 08:06:38','2011-10-02 08:06:38','cart','complete'),
	(5,NULL,1,'invoice','2011-10-02 08:06:38','2011-10-02 08:06:38','created','mailed'),
	(6,2,1,'invoice','2011-10-02 08:06:39','2011-10-02 08:06:39','processing','unpaid'),
	(7,3,1,'order','2011-10-02 11:36:28','2011-10-02 11:36:28','cart','complete'),
	(8,NULL,1,'invoice','2011-10-02 11:36:28','2011-10-02 11:36:28','created','mailed'),
	(9,3,1,'invoice','2011-10-02 11:36:28','2011-10-02 11:36:28','processing','unpaid'),
	(10,4,1,'order','2011-10-02 11:40:08','2011-10-02 11:40:08','cart','complete'),
	(11,NULL,1,'invoice','2011-10-02 11:40:09','2011-10-02 11:40:09','created','mailed'),
	(12,4,1,'invoice','2011-10-02 11:40:09','2011-10-02 11:40:09','processing','unpaid'),
	(13,5,1,'order','2011-10-02 11:41:27','2011-10-02 11:41:27','cart','complete'),
	(14,NULL,1,'invoice','2011-10-02 11:41:28','2011-10-02 11:41:28','created','mailed'),
	(15,5,1,'invoice','2011-10-02 11:41:28','2011-10-02 11:41:28','processing','unpaid'),
	(16,6,1,'order','2011-10-02 11:47:05','2011-10-02 11:47:05','cart','complete'),
	(17,NULL,1,'invoice','2011-10-02 11:47:05','2011-10-02 11:47:05','created','mailed'),
	(18,6,1,'invoice','2011-10-02 11:47:05','2011-10-02 11:47:05','processing','unpaid'),
	(19,7,1,'order','2011-10-02 16:33:16','2011-10-02 16:33:16','cart','complete'),
	(20,NULL,1,'invoice','2011-10-02 16:33:16','2011-10-02 16:33:16','created','mailed'),
	(21,7,1,'invoice','2011-10-02 16:33:16','2011-10-02 16:33:16','processing','unpaid'),
	(22,8,1,'order','2011-10-02 16:46:08','2011-10-02 16:46:08','cart','complete'),
	(23,NULL,1,'invoice','2011-10-02 16:46:08','2011-10-02 16:46:08','created','mailed'),
	(24,8,1,'invoice','2011-10-02 16:46:08','2011-10-02 16:46:08','processing','unpaid'),
	(25,9,1,'order','2011-10-02 16:47:52','2011-10-02 16:47:52','cart','complete'),
	(26,NULL,1,'invoice','2011-10-02 16:47:52','2011-10-02 16:47:52','created','mailed'),
	(27,9,1,'invoice','2011-10-02 16:47:53','2011-10-02 16:47:53','processing','unpaid'),
	(28,10,1,'order','2011-10-02 16:49:00','2011-10-02 16:49:00','cart','complete'),
	(29,NULL,1,'invoice','2011-10-02 16:49:00','2011-10-02 16:49:00','created','mailed'),
	(30,10,1,'invoice','2011-10-02 16:49:00','2011-10-02 16:49:00','processing','unpaid'),
	(31,11,1,'order','2011-10-02 17:17:37','2011-10-02 17:17:37','cart','complete'),
	(32,NULL,1,'invoice','2011-10-02 17:17:37','2011-10-02 17:17:37','created','mailed'),
	(33,11,1,'invoice','2011-10-02 17:17:38','2011-10-02 17:17:38','processing','unpaid'),
	(34,2,1,'order','2011-10-02 20:09:17','2011-10-02 20:09:17','cart','complete'),
	(35,NULL,1,'invoice','2011-10-02 20:09:19','2011-10-02 20:09:19','created','mailed'),
	(36,2,1,'invoice','2011-10-02 20:09:26','2011-10-02 20:09:26','processing','unpaid'),
	(37,12,1,'order','2011-10-02 21:16:46','2011-10-02 21:16:46','cart','complete'),
	(38,NULL,1,'invoice','2011-10-02 21:16:46','2011-10-02 21:16:46','created','mailed'),
	(39,12,1,'invoice','2011-10-02 21:16:46','2011-10-02 21:16:46','processing','unpaid'),
	(40,13,1,'order','2011-10-02 21:24:57','2011-10-02 21:24:57','cart','complete'),
	(41,NULL,1,'invoice','2011-10-02 21:24:58','2011-10-02 21:24:58','created','mailed'),
	(42,13,1,'invoice','2011-10-02 21:24:58','2011-10-02 21:24:58','processing','unpaid'),
	(43,14,1,'order','2011-10-03 06:42:19','2011-10-03 06:42:19','cart','complete'),
	(44,NULL,1,'invoice','2011-10-03 06:42:20','2011-10-03 06:42:20','created','mailed'),
	(45,14,1,'invoice','2011-10-03 06:42:20','2011-10-03 06:42:20','processing','unpaid'),
	(46,15,1,'order','2011-10-03 13:23:14','2011-10-03 13:23:14','cart','complete'),
	(47,NULL,1,'invoice','2011-10-03 13:23:14','2011-10-03 13:23:14','created','mailed'),
	(48,15,1,'invoice','2011-10-03 13:23:15','2011-10-03 13:23:15','processing','unpaid'),
	(49,1,1,'order','2011-10-05 07:00:15','2011-10-05 07:00:15','cart','complete'),
	(50,NULL,1,'invoice','2011-10-05 07:00:15','2011-10-05 07:00:15','created','mailed'),
	(51,1,1,'invoice','2011-10-05 07:00:15','2011-10-05 07:00:15','processing','unpaid'),
	(52,2,1,'order','2011-10-05 17:50:34','2011-10-05 17:50:34','cart','complete'),
	(53,NULL,1,'invoice','2011-10-05 17:50:34','2011-10-05 17:50:34','created','mailed'),
	(54,2,1,'invoice','2011-10-05 17:50:34','2011-10-05 17:50:34','processing','unpaid'),
	(55,1,1,'order','2011-10-06 15:18:32','2011-10-06 15:18:32','cart','complete'),
	(56,NULL,1,'invoice','2011-10-06 15:18:33','2011-10-06 15:18:33','created','mailed'),
	(57,1,1,'invoice','2011-10-06 15:18:33','2011-10-06 15:18:33','processing','unpaid'),
	(58,1,1,'order','2011-10-06 16:10:53','2011-10-06 16:10:53','cart','complete'),
	(59,NULL,1,'invoice','2011-10-06 16:10:53','2011-10-06 16:10:53','created','mailed'),
	(60,1,1,'invoice','2011-10-06 16:10:53','2011-10-06 16:10:53','processing','unpaid'),
	(61,4,1,'order','2011-10-08 14:33:17','2011-10-08 14:33:17','cart','complete'),
	(62,NULL,1,'invoice','2011-10-08 14:33:17','2011-10-08 14:33:17','created','mailed'),
	(63,4,1,'invoice','2011-10-08 14:33:17','2011-10-08 14:33:17','processing','unpaid'),
	(64,5,1,'order','2011-10-08 17:40:19','2011-10-08 17:40:19','cart','complete'),
	(65,NULL,1,'invoice','2011-10-08 17:40:19','2011-10-08 17:40:19','created','mailed'),
	(66,5,1,'invoice','2011-10-08 17:40:19','2011-10-08 17:40:19','processing','unpaid'),
	(67,7,1,'order','2011-10-09 18:25:42','2011-10-09 18:25:42','cart','complete'),
	(68,NULL,1,'invoice','2011-10-09 18:25:42','2011-10-09 18:25:42','created','mailed'),
	(69,7,1,'invoice','2011-10-09 18:25:42','2011-10-09 18:25:42','processing','unpaid'),
	(70,8,1,'order','2011-10-09 18:35:26','2011-10-09 18:35:26','cart','complete'),
	(71,NULL,1,'invoice','2011-10-09 18:35:26','2011-10-09 18:35:26','created','mailed'),
	(72,8,1,'invoice','2011-10-09 18:35:27','2011-10-09 18:35:27','processing','unpaid'),
	(73,9,1,'order','2011-10-09 18:41:32','2011-10-09 18:41:32','cart','complete'),
	(74,NULL,1,'invoice','2011-10-09 18:41:32','2011-10-09 18:41:32','created','mailed'),
	(75,9,1,'invoice','2011-10-09 18:41:32','2011-10-09 18:41:32','processing','unpaid'),
	(76,10,1,'order','2011-10-09 18:44:55','2011-10-09 18:44:55','cart','complete'),
	(77,NULL,1,'invoice','2011-10-09 18:44:55','2011-10-09 18:44:55','created','mailed'),
	(78,10,1,'invoice','2011-10-09 18:44:55','2011-10-09 18:44:55','processing','unpaid'),
	(79,11,1,'order','2011-10-09 19:03:07','2011-10-09 19:03:07','cart','complete'),
	(80,NULL,1,'invoice','2011-10-09 19:03:07','2011-10-09 19:03:07','created','mailed'),
	(81,11,1,'invoice','2011-10-09 19:03:07','2011-10-09 19:03:07','processing','unpaid'),
	(82,12,1,'order','2011-10-10 17:31:43','2011-10-10 17:31:43','cart','complete'),
	(83,NULL,1,'invoice','2011-10-10 17:31:43','2011-10-10 17:31:43','created','mailed'),
	(84,12,1,'invoice','2011-10-10 17:31:43','2011-10-10 17:31:43','processing','unpaid'),
	(85,13,1,'order','2011-10-11 15:56:56','2011-10-11 15:56:56','cart','complete'),
	(86,NULL,1,'invoice','2011-10-11 15:56:56','2011-10-11 15:56:56','created','mailed'),
	(87,13,1,'invoice','2011-10-11 15:56:57','2011-10-11 15:56:57','processing','unpaid'),
	(88,14,1,'order','2011-10-11 17:05:10','2011-10-11 17:05:10','cart','complete'),
	(89,NULL,1,'invoice','2011-10-11 17:05:10','2011-10-11 17:05:10','created','mailed'),
	(90,14,1,'invoice','2011-10-11 17:05:11','2011-10-11 17:05:11','processing','unpaid'),
	(91,15,1,'order','2011-10-11 17:54:39','2011-10-11 17:54:39','cart','complete'),
	(92,NULL,1,'invoice','2011-10-11 17:54:39','2011-10-11 17:54:39','created','mailed'),
	(93,15,1,'invoice','2011-10-11 17:54:39','2011-10-11 17:54:39','processing','unpaid'),
	(94,16,3,'order','2011-10-11 18:55:21','2011-10-11 18:55:21','cart','complete'),
	(95,NULL,3,'invoice','2011-10-11 18:55:21','2011-10-11 18:55:21','created','mailed'),
	(96,16,3,'invoice','2011-10-11 18:55:21','2011-10-11 18:55:21','processing','unpaid'),
	(97,18,3,'order','2011-10-12 05:15:44','2011-10-12 05:15:44','cart','complete'),
	(98,NULL,3,'invoice','2011-10-12 05:15:44','2011-10-12 05:15:44','created','mailed'),
	(99,18,3,'invoice','2011-10-12 05:15:44','2011-10-12 05:15:44','processing','unpaid'),
	(100,19,1,'order','2011-10-12 08:23:31','2011-10-12 08:23:31','cart','complete'),
	(101,NULL,1,'invoice','2011-10-12 08:23:31','2011-10-12 08:23:31','created','mailed'),
	(102,19,1,'invoice','2011-10-12 08:23:31','2011-10-12 08:23:31','processing','unpaid'),
	(103,20,1,'order','2011-10-12 10:01:38','2011-10-12 10:01:38','cart','complete'),
	(104,NULL,1,'invoice','2011-10-12 10:01:38','2011-10-12 10:01:38','created','mailed'),
	(105,20,1,'invoice','2011-10-12 10:01:38','2011-10-12 10:01:38','processing','unpaid'),
	(106,21,1,'order','2011-10-13 07:28:37','2011-10-13 07:28:37','cart','complete'),
	(107,NULL,1,'invoice','2011-10-13 07:28:37','2011-10-13 07:28:37','created','mailed'),
	(108,21,1,'invoice','2011-10-13 07:28:37','2011-10-13 07:28:37','processing','unpaid'),
	(109,22,1,'order','2011-10-13 07:31:07','2011-10-13 07:31:07','cart','complete'),
	(110,NULL,1,'invoice','2011-10-13 07:31:07','2011-10-13 07:31:07','created','mailed'),
	(111,22,1,'invoice','2011-10-13 07:31:07','2011-10-13 07:31:07','processing','unpaid'),
	(112,25,6,'order','2011-10-14 09:06:05','2011-10-14 09:06:05','cart','complete'),
	(113,NULL,6,'invoice','2011-10-14 09:06:05','2011-10-14 09:06:05','created','mailed'),
	(114,25,6,'invoice','2011-10-14 09:06:06','2011-10-14 09:06:06','processing','unpaid'),
	(115,26,1,'order','2011-10-14 10:03:52','2011-10-14 10:03:52','cart','complete'),
	(116,NULL,1,'invoice','2011-10-14 10:03:52','2011-10-14 10:03:52','created','mailed'),
	(117,26,1,'invoice','2011-10-14 10:03:53','2011-10-14 10:03:53','processing','unpaid'),
	(118,27,6,'order','2011-10-14 18:06:50','2011-10-14 18:06:50','cart','complete'),
	(119,NULL,6,'invoice','2011-10-14 18:06:50','2011-10-14 18:06:50','created','mailed'),
	(120,27,6,'invoice','2011-10-14 18:06:51','2011-10-14 18:06:51','processing','unpaid'),
	(121,28,6,'order','2011-10-14 19:35:47','2011-10-14 19:35:47','cart','complete'),
	(122,NULL,6,'invoice','2011-10-14 19:35:47','2011-10-14 19:35:47','created','mailed'),
	(123,28,6,'invoice','2011-10-14 19:35:48','2011-10-14 19:35:48','processing','unpaid'),
	(124,29,1,'order','2011-10-15 17:10:28','2011-10-15 17:10:28','cart','complete'),
	(125,NULL,1,'invoice','2011-10-15 17:10:28','2011-10-15 17:10:28','created','mailed'),
	(126,29,1,'invoice','2011-10-15 17:10:28','2011-10-15 17:10:28','processing','unpaid'),
	(127,30,6,'order','2011-10-16 12:08:09','2011-10-16 12:08:09','cart','complete'),
	(128,NULL,6,'invoice','2011-10-16 12:08:09','2011-10-16 12:08:09','created','mailed'),
	(129,30,6,'invoice','2011-10-16 12:08:10','2011-10-16 12:08:10','processing','unpaid'),
	(130,31,6,'order','2011-10-16 18:38:34','2011-10-16 18:38:34','cart','complete'),
	(131,NULL,6,'invoice','2011-10-16 18:38:34','2011-10-16 18:38:34','created','mailed'),
	(132,31,6,'invoice','2011-10-16 18:38:34','2011-10-16 18:38:34','processing','unpaid'),
	(133,32,6,'order','2011-10-17 14:42:12','2011-10-17 14:42:12','cart','complete'),
	(134,NULL,6,'invoice','2011-10-17 14:42:12','2011-10-17 14:42:12','created','mailed'),
	(135,32,6,'invoice','2011-10-17 14:42:12','2011-10-17 14:42:12','processing','unpaid'),
	(136,33,1,'order','2011-10-18 16:14:09','2011-10-18 16:14:09','cart','complete'),
	(137,NULL,1,'invoice','2011-10-18 16:14:09','2011-10-18 16:14:09','created','mailed'),
	(138,33,1,'invoice','2011-10-18 16:14:09','2011-10-18 16:14:09','processing','unpaid'),
	(139,34,6,'order','2011-10-18 19:08:48','2011-10-18 19:08:48','cart','complete'),
	(140,NULL,6,'invoice','2011-10-18 19:08:48','2011-10-18 19:08:48','created','mailed'),
	(141,34,6,'invoice','2011-10-18 19:08:48','2011-10-18 19:08:48','processing','unpaid'),
	(142,35,1,'order','2011-10-19 10:43:26','2011-10-19 10:43:26','cart','complete'),
	(143,NULL,1,'invoice','2011-10-19 10:43:26','2011-10-19 10:43:26','created','mailed'),
	(144,35,1,'invoice','2011-10-19 10:43:27','2011-10-19 10:43:27','processing','unpaid'),
	(145,37,6,'order','2011-10-19 19:03:45','2011-10-19 19:03:45','cart','complete'),
	(146,NULL,6,'invoice','2011-10-19 19:03:45','2011-10-19 19:03:45','created','mailed'),
	(147,37,6,'invoice','2011-10-19 19:03:46','2011-10-19 19:03:46','processing','unpaid'),
	(148,38,6,'order','2011-10-19 19:47:54','2011-10-19 19:47:54','cart','complete'),
	(149,NULL,6,'invoice','2011-10-19 19:47:54','2011-10-19 19:47:54','created','mailed'),
	(150,38,6,'invoice','2011-10-19 19:47:54','2011-10-19 19:47:54','processing','unpaid'),
	(151,39,6,'order','2011-10-20 07:24:06','2011-10-20 07:24:06','cart','complete'),
	(152,NULL,6,'invoice','2011-10-20 07:24:06','2011-10-20 07:24:06','created','mailed'),
	(153,39,6,'invoice','2011-10-20 07:24:06','2011-10-20 07:24:06','processing','unpaid'),
	(154,40,1,'order','2011-10-20 09:23:52','2011-10-20 09:23:52','cart','complete'),
	(155,NULL,1,'invoice','2011-10-20 09:23:52','2011-10-20 09:23:52','created','mailed'),
	(156,40,1,'invoice','2011-10-20 09:23:52','2011-10-20 09:23:52','processing','unpaid'),
	(157,41,6,'order','2011-10-20 14:25:23','2011-10-20 14:25:23','cart','complete'),
	(158,NULL,6,'invoice','2011-10-20 14:25:23','2011-10-20 14:25:23','created','mailed'),
	(159,41,6,'invoice','2011-10-20 14:25:23','2011-10-20 14:25:23','processing','unpaid'),
	(160,43,1,'order','2011-10-20 17:20:22','2011-10-20 17:20:22','cart','complete'),
	(161,NULL,1,'invoice','2011-10-20 17:20:22','2011-10-20 17:20:22','created','mailed'),
	(162,43,1,'invoice','2011-10-20 17:20:22','2011-10-20 17:20:22','processing','unpaid'),
	(163,44,6,'order','2011-10-20 18:01:02','2011-10-20 18:01:02','cart','complete'),
	(164,NULL,6,'invoice','2011-10-20 18:01:02','2011-10-20 18:01:02','created','mailed'),
	(165,44,6,'invoice','2011-10-20 18:01:02','2011-10-20 18:01:02','processing','unpaid'),
	(166,45,6,'order','2011-10-20 18:06:34','2011-10-20 18:06:34','cart','complete'),
	(167,NULL,6,'invoice','2011-10-20 18:06:34','2011-10-20 18:06:34','created','mailed'),
	(168,45,6,'invoice','2011-10-20 18:06:34','2011-10-20 18:06:34','processing','unpaid'),
	(169,47,1,'order','2011-10-20 21:02:02','2011-10-20 21:02:02','cart','complete'),
	(170,NULL,1,'invoice','2011-10-20 21:02:02','2011-10-20 21:02:02','created','mailed'),
	(171,47,1,'invoice','2011-10-20 21:02:03','2011-10-20 21:02:03','processing','unpaid'),
	(172,46,6,'order','2011-10-20 21:16:27','2011-10-20 21:16:27','cart','complete'),
	(173,NULL,6,'invoice','2011-10-20 21:16:27','2011-10-20 21:16:27','created','mailed'),
	(174,46,6,'invoice','2011-10-20 21:16:27','2011-10-20 21:16:27','processing','unpaid');

/*!40000 ALTER TABLE `state_event` ENABLE KEYS */;
UNLOCK TABLES;


# Dump of table supplier
# ------------------------------------------------------------

LOCK TABLES `supplier` WRITE;
/*!40000 ALTER TABLE `supplier` DISABLE KEYS */;

INSERT INTO `supplier` (`id`, `registered_name`, `contact_number`, `email_address`, `url`, `created_at`, `updated_at`)
VALUES
	(1,'ESET','0123453434','info@eset.co.za','www.eset.co.za','2011-09-01 02:06:49','2011-09-01 02:06:49'),
	(2,'Freepaid','0123453434','info@freepaid.co.za','www.freepaid.co.za','2011-09-01 02:06:49','2011-09-01 02:06:49'),
	(3,'Blizzard','0123453434','info@blizzard.co.za','www.blizzard.co.za','2011-09-01 02:06:49','2011-09-01 02:06:49');

/*!40000 ALTER TABLE `supplier` ENABLE KEYS */;
UNLOCK TABLES;


# Dump of table user
# ------------------------------------------------------------

LOCK TABLES `user` WRITE;
/*!40000 ALTER TABLE `user` DISABLE KEYS */;

INSERT INTO `user` (`id`, `client_id`, `email`, `encrypted_password`, `reset_password_token`, `reset_password_sent_at`, `remember_created_at`, `sign_in_count`, `current_sign_in_at`, `last_sign_in_at`, `current_sign_in_ip`, `last_sign_in_ip`, `name`, `created_at`, `updated_at`, `username`)
VALUES
	(1,NULL,'shad6ster@gmail.com','$2a$10$dUtGGLLqMRbvR/N.ZuwP7uxD9q.1bYw50ariaEoLDarZF.bEC5wLS',NULL,NULL,'2011-10-20 17:43:10',77,'2011-10-20 17:43:10','2011-10-20 17:36:33','41.145.243.36','41.117.253.144','shadley','2011-09-01 02:06:50','2011-10-20 17:43:10','sanjuro'),
	(3,NULL,'uzair.dramat@gmail.com','$2a$10$rb2VZpkaSoMzstniDyfP6eN0FSywF4tpO/iICwyg8QoF0f/wK7l8q',NULL,NULL,NULL,9,'2011-10-12 17:17:49','2011-10-12 05:17:31','41.118.79.10','41.132.239.205','uzair','2011-09-01 02:06:50','2011-10-12 17:26:10','uzzy'),
	(4,NULL,'niyaaz.willis@gmail.com','$2a$10$UmvQYOyNA5UjptC3Dcvuuu.tfh9lPJVoRPSnNdHHd5g4ZuHIsDjOm',NULL,NULL,NULL,27,'2011-10-02 16:32:42','2011-10-02 08:01:41','127.0.0.1','127.0.0.1','niyaaz','2011-09-01 02:06:50','2011-10-11 07:28:37','niyaaz'),
	(6,NULL,'wafeequah@mobileemail.vodafonesa.co.za','$2a$10$JSlHGRBKOS9/husBIihsruvrvRLC2wCLibqGlyM5XZBq0PaEIVfZu',NULL,NULL,'2011-10-17 14:41:36',11,'2011-10-20 07:21:25','2011-10-18 19:03:31','41.0.41.66','93.186.31.241','Wafeequah Keeran','2011-10-13 07:44:15','2011-10-20 07:21:25','wafeequah'),
	(7,NULL,'shirley@eset.co.za','$2a$10$dCOf8BmDX/umMuV.rZ.T5ukhE5wOBqNhmGCStMGJZshd5oypjy6qq',NULL,NULL,'2011-10-19 10:39:30',5,'2011-10-20 09:26:53','2011-10-19 20:52:46','82.145.209.144','82.145.208.195','Shirley ','2011-10-19 10:18:17','2011-10-20 09:26:53','shirley');

/*!40000 ALTER TABLE `user` ENABLE KEYS */;
UNLOCK TABLES;


# Dump of table variant
# ------------------------------------------------------------

LOCK TABLES `variant` WRITE;
/*!40000 ALTER TABLE `variant` DISABLE KEYS */;

INSERT INTO `variant` (`id`, `product_id`, `sku`, `cost_price`, `customer_price`, `full_price`, `deleted_at`, `is_master`)
VALUES
	(1,1,'FREEPAID00000VOD2',1.82,1.92,2.00,NULL,1),
	(2,1,'FREEPAID00000VOD5',4.56,4.80,5.00,NULL,0),
	(3,1,'FREEPAID0000VOD10',9.11,9.41,10.00,NULL,0),
	(4,1,'FREEPAID0000VOD12',10.92,11.32,12.00,NULL,0),
	(5,1,'FREEPAID0000VOD29',26.41,27.50,29.00,NULL,0),
	(6,1,'FREEPAID0000VOD55',50.07,52.57,55.00,NULL,0),
	(7,1,'FREEPAID000VOD110',100.12,105.00,110.00,NULL,0),
	(8,1,'FREEPAID000VOD275',250.29,262.29,275.00,NULL,0),
	(9,1,'FREEPAID00VOD1100',912.49,1052.49,1100.00,NULL,0),
	(10,2,'FREEPAID00000MTN5',4.61,4.85,5.00,NULL,1),
	(11,2,'FREEPAID0000MTN10',9.21,9.51,10.00,NULL,0),
	(12,2,'FREEPAID0000MTN15',13.82,14.50,15.00,NULL,0),
	(13,2,'FREEPAID0000MTN30',27.63,29.00,30.00,NULL,0),
	(14,2,'FREEPAID0000MTN60',55.26,58.00,60.00,NULL,0),
	(15,2,'FREEPAID000MTN180',165.78,172.78,180.00,NULL,0),
	(16,3,'FREEPAID00000CELL5',4.55,4.79,5.00,NULL,1),
	(17,3,'FREEPAID0000CELL10',8.98,9.48,10.00,NULL,0),
	(18,3,'FREEPAID0000CELL25',22.45,23.90,25.00,NULL,0),
	(19,3,'FREEPAID0000CELL35',31.41,33.41,35.00,NULL,0),
	(20,3,'FREEPAID0000CELL50',44.88,47.00,50.00,NULL,0),
	(21,3,'FREEPAID0000CELL70',62.83,66.42,70.00,NULL,0),
	(22,3,'FREEPAID000CELL150',134.63,142.63,150.00,NULL,0),
	(23,4,'FREEPAID00000VIR15',13.73,14.53,15.00,NULL,1),
	(24,4,'FREEPAID00000VIR35',32.03,34.00,35.00,NULL,0),
	(25,4,'FREEPAID00000VIR50',45.75,47.00,50.00,NULL,0),
	(26,4,'FREEPAID00000VIR80',73.20,76.20,80.00,NULL,0),
	(27,4,'FREEPAID00000VIR99',90.59,95.60,99.00,NULL,0),
	(28,4,'FREEPAID0000VIR120',109.80,115.00,120.00,NULL,0),
	(29,4,'FREEPAID0000VIR180',166.50,174.00,180.00,NULL,0),
	(30,5,'FREEPAID000000HEI5',4.58,4.82,5.00,NULL,1),
	(31,5,'FREEPAID00000HEI10\n',9.15,9.60,10.00,NULL,0),
	(32,5,'FREEPAID00000HEI20\n',18.30,19.10,20.00,NULL,0),
	(33,5,'FREEPAID00000HEI30\n',27.45,28.76,30.00,NULL,0),
	(34,5,'FREEPAID00000HEI50',45.75,47.88,50.00,NULL,0),
	(35,5,'FREEPAID0000HEI100\n',91.50,95.75,100.00,NULL,0),
	(36,5,'FREEPAID0000HEI250',228.75,240.00,250.00,NULL,0);

/*!40000 ALTER TABLE `variant` ENABLE KEYS */;
UNLOCK TABLES;



/*!40111 SET SQL_NOTES=@OLD_SQL_NOTES */;
/*!40101 SET SQL_MODE=@OLD_SQL_MODE */;
/*!40014 SET FOREIGN_KEY_CHECKS=@OLD_FOREIGN_KEY_CHECKS */;
/*!40101 SET CHARACTER_SET_CLIENT=@OLD_CHARACTER_SET_CLIENT */;
/*!40101 SET CHARACTER_SET_RESULTS=@OLD_CHARACTER_SET_RESULTS */;
/*!40101 SET COLLATION_CONNECTION=@OLD_COLLATION_CONNECTION */;
